X_Co,X_V,X_Zr,class_measured,class_predicted,gfa_measured,gfa_predicted,processing_measured,processing_predicted,P(gfa=AM)_measured,P(gfa=AM)_predicted
1,0,0,None,0.125,None,1,1,1,None,0.125
0,1,0,None,0.116105756,None,1,1,1,None,0.116105756
0,0,1,None,0.175,None,1,1,1,None,0.175
0.98,0.02,0,None,0.157142857,None,1,1,1,None,0.157142857
0.98,0,0.02,None,0.19,None,1,1,1,None,0.19
0,0.98,0.02,None,0.145,None,1,1,1,None,0.145
0.96,0.04,0,None,0.177142857,None,1,1,1,None,0.177142857
0.96,0,0.04,None,0.21,None,1,1,1,None,0.21
0,0.96,0.04,None,0.14,None,1,1,1,None,0.14
0.94,0.06,0,None,0.172142857,None,1,1,1,None,0.172142857
0.94,0,0.06,None,0.225,None,1,1,1,None,0.225
0,0.94,0.06,None,0.15,None,1,1,1,None,0.15
0.92,0.08,0,None,0.192142857,None,1,1,1,None,0.192142857
0.92,0,0.08,None,0.255,None,1,1,1,None,0.255
0,0.92,0.08,None,0.145,None,1,1,1,None,0.145
0.9,0.1,0,None,0.232142857,None,1,1,1,None,0.232142857
0.9,0,0.1,None,0.261034483,None,1,1,1,None,0.261034483
0,0.9,0.1,None,0.155,None,1,1,1,None,0.155
0.88,0.12,0,None,0.247142857,None,1,1,1,None,0.247142857
0.88,0,0.12,None,0.181034483,None,1,1,1,None,0.181034483
0,0.88,0.12,None,0.14,None,1,1,1,None,0.14
0.86,0.14,0,None,0.252142857,None,1,1,1,None,0.252142857
0.86,0,0.14,None,0.191034483,None,1,1,1,None,0.191034483
0,0.86,0.14,None,0.135,None,1,1,1,None,0.135
0.84,0.16,0,None,0.257142857,None,1,1,1,None,0.257142857
0.84,0,0.16,None,0.154353448,None,1,1,1,None,0.154353448
0,0.84,0.16,None,0.115,None,1,1,1,None,0.115
0.82,0.18,0,None,0.257142857,None,1,1,1,None,0.257142857
0.82,0,0.18,None,0.1,None,1,1,1,None,0.1
0,0.82,0.18,None,0.14,None,1,1,1,None,0.14
0.8,0.2,0,None,0.267142857,None,1,1,1,None,0.267142857
0.8,0,0.2,None,0.149488131,None,1,1,1,None,0.149488131
0,0.8,0.2,None,0.15,None,1,1,1,None,0.15
0.78,0.22,0,None,0.272142857,None,1,1,1,None,0.272142857
0.78,0,0.22,None,0.165,None,1,1,1,None,0.165
0,0.78,0.22,None,0.262019149,None,1,1,1,None,0.262019149
0.76,0.24,0,None,0.247142857,None,1,1,1,None,0.247142857
0.76,0,0.24,None,0.262240551,None,1,1,1,None,0.262240551
0,0.76,0.24,None,0.43,None,1,1,1,None,0.43
0.74,0.26,0,None,0.247142857,None,1,1,1,None,0.247142857
0.74,0,0.26,None,0.533513192,None,0,1,1,None,0.533513192
0,0.74,0.26,None,0.562135844,None,0,1,1,None,0.562135844
0.72,0.28,0,None,0.252142857,None,1,1,1,None,0.252142857
0.72,0,0.28,None,0.705105363,None,0,1,1,None,0.705105363
0,0.72,0.28,None,0.510486373,None,0,1,1,None,0.510486373
0.7,0.3,0,None,0.254642857,None,1,1,1,None,0.254642857
0.7,0,0.3,None,0.805105363,None,0,1,1,None,0.805105363
0,0.7,0.3,None,0.455486373,None,1,1,1,None,0.455486373
0.68,0.32,0,None,0.234642857,None,1,1,1,None,0.234642857
0.68,0,0.32,None,0.855,None,0,1,1,None,0.855
0,0.68,0.32,None,0.465486373,None,1,1,1,None,0.465486373
0.66,0.34,0,None,0.219642857,None,1,1,1,None,0.219642857
0.66,0,0.34,None,0.92,None,0,1,1,None,0.92
0,0.66,0.34,None,0.400574868,None,1,1,1,None,0.400574868
0.64,0.36,0,None,0.204642857,None,1,1,1,None,0.204642857
0.64,0,0.36,None,0.96,None,0,1,1,None,0.96
0,0.64,0.36,None,0.295389683,None,1,1,1,None,0.295389683
0.62,0.38,0,None,0.204642857,None,1,1,1,None,0.204642857
0.62,0,0.38,None,0.99,None,0,1,1,None,0.99
0,0.62,0.38,None,0.255389683,None,1,1,1,None,0.255389683
0.6,0.4,0,None,0.229142857,None,1,1,1,None,0.229142857
0.6,0,0.4,None,0.995,None,0,1,1,None,0.995
0,0.6,0.4,None,0.20550375,None,1,1,1,None,0.20550375
0.58,0.42,0,None,0.239142857,None,1,1,1,None,0.239142857
0.58,0,0.42,None,0.99,None,0,1,1,None,0.99
0,0.58,0.42,None,0.19550375,None,1,1,1,None,0.19550375
0.56,0.44,0,None,0.234142857,None,1,1,1,None,0.234142857
0.56,0,0.44,None,0.955,None,0,1,1,None,0.955
0,0.56,0.44,None,0.170888366,None,1,1,1,None,0.170888366
0.54,0.46,0,None,0.244142857,None,1,1,1,None,0.244142857
0.54,0,0.46,None,0.955,None,0,1,1,None,0.955
0,0.54,0.46,None,0.160888366,None,1,1,1,None,0.160888366
0.52,0.48,0,None,0.244142857,None,1,1,1,None,0.244142857
0.52,0,0.48,None,0.945,None,0,1,1,None,0.945
0,0.52,0.48,None,0.150888366,None,1,1,1,None,0.150888366
0.5,0.5,0,None,0.269142857,None,1,1,1,None,0.269142857
0.5,0,0.5,None,0.89,None,0,1,1,None,0.89
0,0.5,0.5,None,0.120473111,None,1,1,1,None,0.120473111
0.48,0.52,0,None,0.259142857,None,1,1,1,None,0.259142857
0.48,0,0.52,None,0.765,None,0,1,1,None,0.765
0,0.48,0.52,None,0.065384615,None,1,1,1,None,0.065384615
0.46,0.54,0,None,0.259142857,None,1,1,1,None,0.259142857
0.46,0,0.54,None,0.6,None,0,1,1,None,0.6
0,0.46,0.54,None,0.075384615,None,1,1,1,None,0.075384615
0.44,0.56,0,None,0.264142857,None,1,1,1,None,0.264142857
0.44,0,0.56,None,0.419523179,None,1,1,1,None,0.419523179
0,0.44,0.56,None,0.065384615,None,1,1,1,None,0.065384615
0.42,0.58,0,None,0.249142857,None,1,1,1,None,0.249142857
0.42,0,0.58,None,0.38,None,1,1,1,None,0.38
0,0.42,0.58,None,0.065384615,None,1,1,1,None,0.065384615
0.4,0.6,0,None,0.224142857,None,1,1,1,None,0.224142857
0.4,0,0.6,None,0.295,None,1,1,1,None,0.295
0,0.4,0.6,None,0.045,None,1,1,1,None,0.045
0.38,0.62,0,None,0.199142857,None,1,1,1,None,0.199142857
0.38,0,0.62,None,0.245,None,1,1,1,None,0.245
0,0.38,0.62,None,0.045,None,1,1,1,None,0.045
0.36,0.64,0,None,0.199142857,None,1,1,1,None,0.199142857
0.36,0,0.64,None,0.215,None,1,1,1,None,0.215
0,0.36,0.64,None,0.04,None,1,1,1,None,0.04
0.34,0.66,0,None,0.199142857,None,1,1,1,None,0.199142857
0.34,0,0.66,None,0.125,None,1,1,1,None,0.125
0,0.34,0.66,None,0.045,None,1,1,1,None,0.045
0.32,0.68,0,None,0.179142857,None,1,1,1,None,0.179142857
0.32,0,0.68,None,0.065,None,1,1,1,None,0.065
0,0.32,0.68,None,0.045,None,1,1,1,None,0.045
0.3,0.7,0,None,0.174142857,None,1,1,1,None,0.174142857
0.3,0,0.7,None,0.045,None,1,1,1,None,0.045
0,0.3,0.7,None,0.035,None,1,1,1,None,0.035
0.28,0.72,0,None,0.179142857,None,1,1,1,None,0.179142857
0.28,0,0.72,None,0.035,None,1,1,1,None,0.035
0,0.28,0.72,None,0.045,None,1,1,1,None,0.045
0.26,0.74,0,None,0.179142857,None,1,1,1,None,0.179142857
0.26,0,0.74,None,0.04,None,1,1,1,None,0.04
0,0.26,0.74,None,0.065,None,1,1,1,None,0.065
0.24,0.76,0,None,0.184142857,None,1,1,1,None,0.184142857
0.24,0,0.76,None,0.1025,None,1,1,1,None,0.1025
0,0.24,0.76,None,0.075,None,1,1,1,None,0.075
0.22,0.78,0,None,0.169142857,None,1,1,1,None,0.169142857
0.22,0,0.78,None,0.1025,None,1,1,1,None,0.1025
0,0.22,0.78,None,0.08,None,1,1,1,None,0.08
0.2,0.8,0,None,0.174142857,None,1,1,1,None,0.174142857
0.2,0,0.8,None,0.1225,None,1,1,1,None,0.1225
0,0.2,0.8,None,0.075,None,1,1,1,None,0.075
0.18,0.82,0,None,0.182142857,None,1,1,1,None,0.182142857
0.18,0,0.82,None,0.1625,None,1,1,1,None,0.1625
0,0.18,0.82,None,0.08,None,1,1,1,None,0.08
0.16,0.84,0,None,0.187142857,None,1,1,1,None,0.187142857
0.16,0,0.84,None,0.21,None,1,1,1,None,0.21
0,0.16,0.84,None,0.15,None,1,1,1,None,0.15
0.14,0.86,0,None,0.192142857,None,1,1,1,None,0.192142857
0.14,0,0.86,None,0.175,None,1,1,1,None,0.175
0,0.14,0.86,None,0.145,None,1,1,1,None,0.145
0.12,0.88,0,None,0.192142857,None,1,1,1,None,0.192142857
0.12,0,0.88,None,0.165,None,1,1,1,None,0.165
0,0.12,0.88,None,0.145,None,1,1,1,None,0.145
0.1,0.9,0,None,0.192142857,None,1,1,1,None,0.192142857
0.1,0,0.9,None,0.14,None,1,1,1,None,0.14
0,0.1,0.9,None,0.14,None,1,1,1,None,0.14
0.08,0.92,0,None,0.187142857,None,1,1,1,None,0.187142857
0.08,0,0.92,None,0.145,None,1,1,1,None,0.145
0,0.08,0.92,None,0.14,None,1,1,1,None,0.14
0.06,0.94,0,None,0.172142857,None,1,1,1,None,0.172142857
0.06,0,0.94,None,0.125,None,1,1,1,None,0.125
0,0.06,0.94,None,0.145,None,1,1,1,None,0.145
0.04,0.96,0,None,0.167142857,None,1,1,1,None,0.167142857
0.04,0,0.96,None,0.12,None,1,1,1,None,0.12
0,0.04,0.96,None,0.145,None,1,1,1,None,0.145
0.02,0.98,0,None,0.157142857,None,1,1,1,None,0.157142857
0.02,0,0.98,None,0.13,None,1,1,1,None,0.13
0,0.02,0.98,None,0.15,None,1,1,1,None,0.15
0.96,0.02,0.02,None,0.15,None,1,1,1,None,0.15
0.94,0.04,0.02,None,0.145,None,1,1,1,None,0.145
0.94,0.02,0.04,None,0.16,None,1,1,1,None,0.16
0.92,0.06,0.02,None,0.165,None,1,1,1,None,0.165
0.92,0.04,0.04,None,0.18,None,1,1,1,None,0.18
0.92,0.02,0.06,None,0.19,None,1,1,1,None,0.19
0.9,0.08,0.02,None,0.17,None,1,1,1,None,0.17
0.9,0.06,0.04,None,0.2,None,1,1,1,None,0.2
0.9,0.04,0.06,None,0.205,None,1,1,1,None,0.205
0.9,0.02,0.08,None,0.206034483,None,1,1,1,None,0.206034483
0.88,0.1,0.02,None,0.185,None,1,1,1,None,0.185
0.88,0.08,0.04,None,0.195,None,1,1,1,None,0.195
0.88,0.06,0.06,None,0.205,None,1,1,1,None,0.205
0.88,0.04,0.08,None,0.201034483,None,1,1,1,None,0.201034483
0.88,0.02,0.1,None,0.131034483,None,1,1,1,None,0.131034483
0.86,0.12,0.02,None,0.18,None,1,1,1,None,0.18
0.86,0.1,0.04,None,0.19,None,1,1,1,None,0.19
0.86,0.08,0.06,None,0.195,None,1,1,1,None,0.195
0.86,0.06,0.08,None,0.181034483,None,1,1,1,None,0.181034483
0.86,0.04,0.1,None,0.091034483,None,1,1,1,None,0.091034483
0.86,0.02,0.12,None,0.091034483,None,1,1,1,None,0.091034483
0.84,0.14,0.02,None,0.17,None,1,1,1,None,0.17
0.84,0.12,0.04,None,0.165,None,1,1,1,None,0.165
0.84,0.1,0.06,None,0.176034483,None,1,1,1,None,0.176034483
0.84,0.08,0.08,None,0.106034483,None,1,1,1,None,0.106034483
0.84,0.06,0.1,None,0.065387931,None,1,1,1,None,0.065387931
0.84,0.04,0.12,None,0.075387931,None,1,1,1,None,0.075387931
0.84,0.02,0.14,None,0.069353448,None,1,1,1,None,0.069353448
0.82,0.16,0.02,None,0.15,None,1,1,1,None,0.15
0.82,0.14,0.04,None,0.145387931,None,1,1,1,None,0.145387931
0.82,0.12,0.06,None,0.135387931,None,1,1,1,None,0.135387931
0.82,0.1,0.08,None,0.035387931,None,1,1,1,None,0.035387931
0.82,0.08,0.1,None,0.015387931,None,1,1,1,None,0.015387931
0.82,0.06,0.12,None,0.044353448,None,1,1,1,None,0.044353448
0.82,0.04,0.14,None,0.039353448,None,1,1,1,None,0.039353448
0.82,0.02,0.16,None,0.045,None,1,1,1,None,0.045
0.8,0.18,0.02,None,0.125387931,None,1,1,1,None,0.125387931
0.8,0.16,0.04,None,0.110387931,None,1,1,1,None,0.110387931
0.8,0.14,0.06,None,0.090387931,None,1,1,1,None,0.090387931
0.8,0.12,0.08,None,3.88E-04,None,1,1,1,None,3.88E-04
0.8,0.1,0.1,None,5.06E-20,None,1,1,1,None,5.06E-20
0.8,0.08,0.12,None,0.02,None,1,1,1,None,0.02
0.8,0.06,0.14,None,0.02,None,1,1,1,None,0.02
0.8,0.04,0.16,None,0.03,None,1,1,1,None,0.03
0.8,0.02,0.18,None,0.045,None,1,1,1,None,0.045
0.78,0.2,0.02,None,0.105387931,None,1,1,1,None,0.105387931
0.78,0.18,0.04,None,0.115,None,1,1,1,None,0.115
0.78,0.16,0.06,None,0.0425,None,1,1,1,None,0.0425
0.78,0.14,0.08,None,5.06E-20,None,1,1,1,None,5.06E-20
0.78,0.12,0.1,None,5.06E-20,None,1,1,1,None,5.06E-20
0.78,0.1,0.12,None,5.06E-20,None,1,1,1,None,5.06E-20
0.78,0.08,0.14,None,0.01,None,1,1,1,None,0.01
0.78,0.06,0.16,None,0.02,None,1,1,1,None,0.02
0.78,0.04,0.18,None,0.025,None,1,1,1,None,0.025
0.78,0.02,0.2,None,0.074488131,None,1,1,1,None,0.074488131
0.76,0.22,0.02,None,0.105,None,1,1,1,None,0.105
0.76,0.2,0.04,None,0.0875,None,1,1,1,None,0.0875
0.76,0.18,0.06,None,0.0325,None,1,1,1,None,0.0325
0.76,0.16,0.08,None,2.52E-18,None,1,1,1,None,2.52E-18
0.76,0.14,0.1,None,2.52E-18,None,1,1,1,None,2.52E-18
0.76,0.12,0.12,None,5.06E-20,None,1,1,1,None,5.06E-20
0.76,0.1,0.14,None,0.005,None,1,1,1,None,0.005
0.76,0.08,0.16,None,0.01,None,1,1,1,None,0.01
0.76,0.06,0.18,None,0.02,None,1,1,1,None,0.02
0.76,0.04,0.2,None,0.069488131,None,1,1,1,None,0.069488131
0.76,0.02,0.22,None,0.105,None,1,1,1,None,0.105
0.74,0.24,0.02,None,0.115,None,1,1,1,None,0.115
0.74,0.22,0.04,None,0.0775,None,1,1,1,None,0.0775
0.74,0.2,0.06,None,0.0175,None,1,1,1,None,0.0175
0.74,0.18,0.08,None,2.52E-18,None,1,1,1,None,2.52E-18
0.74,0.16,0.1,None,-9.60E-18,None,1,1,1,None,-9.60E-18
0.74,0.14,0.12,None,2.52E-18,None,1,1,1,None,2.52E-18
0.74,0.12,0.14,None,-3.14E-20,None,1,1,1,None,-3.14E-20
0.74,0.1,0.16,None,-3.14E-20,None,1,1,1,None,-3.14E-20
0.74,0.08,0.18,None,0.02,None,1,1,1,None,0.02
0.74,0.06,0.2,None,0.035,None,1,1,1,None,0.035
0.74,0.04,0.22,None,0.09,None,1,1,1,None,0.09
0.74,0.02,0.24,None,0.2625795,None,1,1,1,None,0.2625795
0.72,0.26,0.02,None,0.1125,None,1,1,1,None,0.1125
0.72,0.24,0.04,None,0.0575,None,1,1,1,None,0.0575
0.72,0.22,0.06,None,0.0075,None,1,1,1,None,0.0075
0.72,0.2,0.08,None,2.52E-18,None,1,1,1,None,2.52E-18
0.72,0.18,0.1,None,0.005,None,1,1,1,None,0.005
0.72,0.16,0.12,None,5.06E-20,None,1,1,1,None,5.06E-20
0.72,0.14,0.14,None,-3.14E-20,None,1,1,1,None,-3.14E-20
0.72,0.12,0.16,None,-3.14E-20,None,1,1,1,None,-3.14E-20
0.72,0.1,0.18,None,0.015,None,1,1,1,None,0.015
0.72,0.08,0.2,None,0.03,None,1,1,1,None,0.03
0.72,0.06,0.22,None,0.09,None,1,1,1,None,0.09
0.72,0.04,0.24,None,0.3125795,None,1,1,1,None,0.3125795
0.72,0.02,0.26,None,0.553513192,None,0,1,1,None,0.553513192
0.7,0.28,0.02,None,0.0925,None,1,1,1,None,0.0925
0.7,0.26,0.04,None,0.0525,None,1,1,1,None,0.0525
0.7,0.24,0.06,None,0.0125,None,1,1,1,None,0.0125
0.7,0.22,0.08,None,0.005,None,1,1,1,None,0.005
0.7,0.2,0.1,None,0.005,None,1,1,1,None,0.005
0.7,0.18,0.12,None,5.06E-20,None,1,1,1,None,5.06E-20
0.7,0.16,0.14,None,-3.14E-20,None,1,1,1,None,-3.14E-20
0.7,0.14,0.16,None,-3.14E-20,None,1,1,1,None,-3.14E-20
0.7,0.12,0.18,None,0.005,None,1,1,1,None,0.005
0.7,0.1,0.2,None,0.01,None,1,1,1,None,0.01
0.7,0.08,0.22,None,0.085,None,1,1,1,None,0.085
0.7,0.06,0.24,None,0.398852142,None,1,1,1,None,0.398852142
0.7,0.04,0.26,None,0.683513192,None,0,1,1,None,0.683513192
0.7,0.02,0.28,None,0.805105363,None,0,1,1,None,0.805105363
0.68,0.3,0.02,None,0.0775,None,1,1,1,None,0.0775
0.68,0.28,0.04,None,0.0425,None,1,1,1,None,0.0425
0.68,0.26,0.06,None,0.0175,None,1,1,1,None,0.0175
0.68,0.24,0.08,None,0.005,None,1,1,1,None,0.005
0.68,0.22,0.1,None,0.005,None,1,1,1,None,0.005
0.68,0.2,0.12,None,5.06E-20,None,1,1,1,None,5.06E-20
0.68,0.18,0.14,None,-3.14E-20,None,1,1,1,None,-3.14E-20
0.68,0.16,0.16,None,-3.14E-20,None,1,1,1,None,-3.14E-20
0.68,0.14,0.18,None,-3.50E-20,None,1,1,1,None,-3.50E-20
0.68,0.12,0.2,None,-6.93E-19,None,1,1,1,None,-6.93E-19
0.68,0.1,0.22,None,0.08,None,1,1,1,None,0.08
0.68,0.08,0.24,None,0.543513192,None,0,1,1,None,0.543513192
0.68,0.06,0.26,None,0.781378005,None,0,1,1,None,0.781378005
0.68,0.04,0.28,None,0.870105363,None,0,1,1,None,0.870105363
0.68,0.02,0.3,None,0.875,None,0,1,1,None,0.875
0.66,0.32,0.02,None,0.0675,None,1,1,1,None,0.0675
0.66,0.3,0.04,None,0.0375,None,1,1,1,None,0.0375
0.66,0.28,0.06,None,0.02,None,1,1,1,None,0.02
0.66,0.26,0.08,None,0.015,None,1,1,1,None,0.015
0.66,0.24,0.1,None,5.06E-20,None,1,1,1,None,5.06E-20
0.66,0.22,0.12,None,5.06E-20,None,1,1,1,None,5.06E-20
0.66,0.2,0.14,None,-3.14E-20,None,1,1,1,None,-3.14E-20
0.66,0.18,0.16,None,-3.14E-20,None,1,1,1,None,-3.14E-20
0.66,0.16,0.18,None,-3.50E-20,None,1,1,1,None,-3.50E-20
0.66,0.14,0.2,None,-6.93E-19,None,1,1,1,None,-6.93E-19
0.66,0.12,0.22,None,0.035,None,1,1,1,None,0.035
0.66,0.1,0.24,None,0.673513192,None,0,1,1,None,0.673513192
0.66,0.08,0.26,None,0.885,None,0,1,1,None,0.885
0.66,0.06,0.28,None,0.93,None,0,1,1,None,0.93
0.66,0.04,0.3,None,0.925,None,0,1,1,None,0.925
0.66,0.02,0.32,None,0.945,None,0,1,1,None,0.945
0.64,0.34,0.02,None,0.0675,None,1,1,1,None,0.0675
0.64,0.32,0.04,None,0.0375,None,1,1,1,None,0.0375
0.64,0.3,0.06,None,0.02,None,1,1,1,None,0.02
0.64,0.28,0.08,None,0.015,None,1,1,1,None,0.015
0.64,0.26,0.1,None,5.06E-20,None,1,1,1,None,5.06E-20
0.64,0.24,0.12,None,5.06E-20,None,1,1,1,None,5.06E-20
0.64,0.22,0.14,None,-3.14E-20,None,1,1,1,None,-3.14E-20
0.64,0.2,0.16,None,-3.14E-20,None,1,1,1,None,-3.14E-20
0.64,0.18,0.18,None,-3.50E-20,None,1,1,1,None,-3.50E-20
0.64,0.16,0.2,None,-6.93E-19,None,1,1,1,None,-6.93E-19
0.64,0.14,0.22,None,0.175105363,None,1,1,1,None,0.175105363
0.64,0.12,0.24,None,0.931700405,None,0,1,1,None,0.931700405
0.64,0.1,0.26,None,0.975,None,0,1,1,None,0.975
0.64,0.08,0.28,None,0.985,None,0,1,1,None,0.985
0.64,0.06,0.3,None,0.965,None,0,1,1,None,0.965
0.64,0.04,0.32,None,0.97,None,0,1,1,None,0.97
0.64,0.02,0.34,None,0.98,None,0,1,1,None,0.98
0.62,0.36,0.02,None,0.0625,None,1,1,1,None,0.0625
0.62,0.34,0.04,None,0.0325,None,1,1,1,None,0.0325
0.62,0.32,0.06,None,0.015,None,1,1,1,None,0.015
0.62,0.3,0.08,None,0.005,None,1,1,1,None,0.005
0.62,0.28,0.1,None,5.06E-20,None,1,1,1,None,5.06E-20
0.62,0.26,0.12,None,5.06E-20,None,1,1,1,None,5.06E-20
0.62,0.24,0.14,None,-3.14E-20,None,1,1,1,None,-3.14E-20
0.62,0.22,0.16,None,-3.14E-20,None,1,1,1,None,-3.14E-20
0.62,0.2,0.18,None,0.005,None,1,1,1,None,0.005
0.62,0.18,0.2,None,4.70E-20,None,1,1,1,None,4.70E-20
0.62,0.16,0.22,None,0.32,None,1,1,1,None,0.32
0.62,0.14,0.24,None,0.96,None,0,1,1,None,0.96
0.62,0.12,0.26,None,1,None,0,1,1,None,1
0.62,0.1,0.28,None,0.99,None,0,1,1,None,0.99
0.62,0.08,0.3,None,0.995,None,0,1,1,None,0.995
0.62,0.06,0.32,None,0.985,None,0,1,1,None,0.985
0.62,0.04,0.34,None,0.99,None,0,1,1,None,0.99
0.62,0.02,0.36,None,0.99,None,0,1,1,None,0.99
0.6,0.38,0.02,None,0.0525,None,1,1,1,None,0.0525
0.6,0.36,0.04,None,0.0375,None,1,1,1,None,0.0375
0.6,0.34,0.06,None,0.015,None,1,1,1,None,0.015
0.6,0.32,0.08,None,5.06E-20,None,1,1,1,None,5.06E-20
0.6,0.3,0.1,None,5.06E-20,None,1,1,1,None,5.06E-20
0.6,0.28,0.12,None,5.06E-20,None,1,1,1,None,5.06E-20
0.6,0.26,0.14,None,-3.14E-20,None,1,1,1,None,-3.14E-20
0.6,0.24,0.16,None,-3.14E-20,None,1,1,1,None,-3.14E-20
0.6,0.22,0.18,None,-3.50E-20,None,1,1,1,None,-3.50E-20
0.6,0.2,0.2,None,0.005,None,1,1,1,None,0.005
0.6,0.18,0.22,None,0.56,None,0,1,1,None,0.56
0.6,0.16,0.24,None,0.995,None,0,1,1,None,0.995
0.6,0.14,0.26,None,1,None,0,1,1,None,1
0.6,0.12,0.28,None,1,None,0,1,1,None,1
0.6,0.1,0.3,None,0.995,None,0,1,1,None,0.995
0.6,0.08,0.32,None,0.995,None,0,1,1,None,0.995
0.6,0.06,0.34,None,0.995,None,0,1,1,None,0.995
0.6,0.04,0.36,None,0.995,None,0,1,1,None,0.995
0.6,0.02,0.38,None,0.995,None,0,1,1,None,0.995
0.58,0.4,0.02,None,0.0475,None,1,1,1,None,0.0475
0.58,0.38,0.04,None,0.0325,None,1,1,1,None,0.0325
0.58,0.36,0.06,None,0.015,None,1,1,1,None,0.015
0.58,0.34,0.08,None,5.06E-20,None,1,1,1,None,5.06E-20
0.58,0.32,0.1,None,5.06E-20,None,1,1,1,None,5.06E-20
0.58,0.3,0.12,None,5.06E-20,None,1,1,1,None,5.06E-20
0.58,0.28,0.14,None,-3.14E-20,None,1,1,1,None,-3.14E-20
0.58,0.26,0.16,None,-3.14E-20,None,1,1,1,None,-3.14E-20
0.58,0.24,0.18,None,-3.14E-20,None,1,1,1,None,-3.14E-20
0.58,0.22,0.2,None,0.015,None,1,1,1,None,0.015
0.58,0.2,0.22,None,0.8,None,0,1,1,None,0.8
0.58,0.18,0.24,None,1,None,0,1,1,None,1
0.58,0.16,0.26,None,1,None,0,1,1,None,1
0.58,0.14,0.28,None,1,None,0,1,1,None,1
0.58,0.12,0.3,None,1,None,0,1,1,None,1
0.58,0.1,0.32,None,0.995,None,0,1,1,None,0.995
0.58,0.08,0.34,None,0.995,None,0,1,1,None,0.995
0.58,0.06,0.36,None,0.995,None,0,1,1,None,0.995
0.58,0.04,0.38,None,0.995,None,0,1,1,None,0.995
0.58,0.02,0.4,None,0.99,None,0,1,1,None,0.99
0.56,0.42,0.02,None,0.0425,None,1,1,1,None,0.0425
0.56,0.4,0.04,None,0.0375,None,1,1,1,None,0.0375
0.56,0.38,0.06,None,0.015,None,1,1,1,None,0.015
0.56,0.36,0.08,None,5.06E-20,None,1,1,1,None,5.06E-20
0.56,0.34,0.1,None,5.06E-20,None,1,1,1,None,5.06E-20
0.56,0.32,0.12,None,5.06E-20,None,1,1,1,None,5.06E-20
0.56,0.3,0.14,None,5.06E-20,None,1,1,1,None,5.06E-20
0.56,0.28,0.16,None,-3.14E-20,None,1,1,1,None,-3.14E-20
0.56,0.26,0.18,None,0.005,None,1,1,1,None,0.005
0.56,0.24,0.2,None,0.025,None,1,1,1,None,0.025
0.56,0.22,0.22,None,0.97,None,0,1,1,None,0.97
0.56,0.2,0.24,None,1,None,0,1,1,None,1
0.56,0.18,0.26,None,1,None,0,1,1,None,1
0.56,0.16,0.28,None,1,None,0,1,1,None,1
0.56,0.14,0.3,None,1,None,0,1,1,None,1
0.56,0.12,0.32,None,1,None,0,1,1,None,1
0.56,0.1,0.34,None,0.995,None,0,1,1,None,0.995
0.56,0.08,0.36,None,0.995,None,0,1,1,None,0.995
0.56,0.06,0.38,None,0.995,None,0,1,1,None,0.995
0.56,0.04,0.4,None,0.995,None,0,1,1,None,0.995
0.56,0.02,0.42,None,0.985,None,0,1,1,None,0.985
0.54,0.44,0.02,None,0.0475,None,1,1,1,None,0.0475
0.54,0.42,0.04,None,0.0375,None,1,1,1,None,0.0375
0.54,0.4,0.06,None,0.005,None,1,1,1,None,0.005
0.54,0.38,0.08,None,5.06E-20,None,1,1,1,None,5.06E-20
0.54,0.36,0.1,None,5.06E-20,None,1,1,1,None,5.06E-20
0.54,0.34,0.12,None,5.06E-20,None,1,1,1,None,5.06E-20
0.54,0.32,0.14,None,5.06E-20,None,1,1,1,None,5.06E-20
0.54,0.3,0.16,None,-3.14E-20,None,1,1,1,None,-3.14E-20
0.54,0.28,0.18,None,-3.14E-20,None,1,1,1,None,-3.14E-20
0.54,0.26,0.2,None,0.06,None,1,1,1,None,0.06
0.54,0.24,0.22,None,0.985,None,0,1,1,None,0.985
0.54,0.22,0.24,None,1,None,0,1,1,None,1
0.54,0.2,0.26,None,1,None,0,1,1,None,1
0.54,0.18,0.28,None,1,None,0,1,1,None,1
0.54,0.16,0.3,None,1,None,0,1,1,None,1
0.54,0.14,0.32,None,1,None,0,1,1,None,1
0.54,0.12,0.34,None,1,None,0,1,1,None,1
0.54,0.1,0.36,None,0.995,None,0,1,1,None,0.995
0.54,0.08,0.38,None,0.995,None,0,1,1,None,0.995
0.54,0.06,0.4,None,0.995,None,0,1,1,None,0.995
0.54,0.04,0.42,None,0.99,None,0,1,1,None,0.99
0.54,0.02,0.44,None,0.975,None,0,1,1,None,0.975
0.52,0.46,0.02,None,0.045,None,1,1,1,None,0.045
0.52,0.44,0.04,None,0.03,None,1,1,1,None,0.03
0.52,0.42,0.06,None,0.005,None,1,1,1,None,0.005
0.52,0.4,0.08,None,5.06E-20,None,1,1,1,None,5.06E-20
0.52,0.38,0.1,None,5.06E-20,None,1,1,1,None,5.06E-20
0.52,0.36,0.12,None,5.06E-20,None,1,1,1,None,5.06E-20
0.52,0.34,0.14,None,5.06E-20,None,1,1,1,None,5.06E-20
0.52,0.32,0.16,None,-3.14E-20,None,1,1,1,None,-3.14E-20
0.52,0.3,0.18,None,-3.14E-20,None,1,1,1,None,-3.14E-20
0.52,0.28,0.2,None,0.08,None,1,1,1,None,0.08
0.52,0.26,0.22,None,0.99,None,0,1,1,None,0.99
0.52,0.24,0.24,None,1,None,0,1,1,None,1
0.52,0.22,0.26,None,1,None,0,1,1,None,1
0.52,0.2,0.28,None,1,None,0,1,1,None,1
0.52,0.18,0.3,None,1,None,0,1,1,None,1
0.52,0.16,0.32,None,1,None,0,1,1,None,1
0.52,0.14,0.34,None,1,None,0,1,1,None,1
0.52,0.12,0.36,None,1,None,0,1,1,None,1
0.52,0.1,0.38,None,0.995,None,0,1,1,None,0.995
0.52,0.08,0.4,None,0.995,None,0,1,1,None,0.995
0.52,0.06,0.42,None,0.99,None,0,1,1,None,0.99
0.52,0.04,0.44,None,0.98,None,0,1,1,None,0.98
0.52,0.02,0.46,None,0.975,None,0,1,1,None,0.975
0.5,0.48,0.02,None,0.045,None,1,1,1,None,0.045
0.5,0.46,0.04,None,0.015,None,1,1,1,None,0.015
0.5,0.44,0.06,None,0.005,None,1,1,1,None,0.005
0.5,0.42,0.08,None,5.06E-20,None,1,1,1,None,5.06E-20
0.5,0.4,0.1,None,5.06E-20,None,1,1,1,None,5.06E-20
0.5,0.38,0.12,None,5.06E-20,None,1,1,1,None,5.06E-20
0.5,0.36,0.14,None,5.06E-20,None,1,1,1,None,5.06E-20
0.5,0.34,0.16,None,-3.14E-20,None,1,1,1,None,-3.14E-20
0.5,0.32,0.18,None,-3.14E-20,None,1,1,1,None,-3.14E-20
0.5,0.3,0.2,None,0.135,None,1,1,1,None,0.135
0.5,0.28,0.22,None,0.965,None,0,1,1,None,0.965
0.5,0.26,0.24,None,0.995,None,0,1,1,None,0.995
0.5,0.24,0.26,None,1,None,0,1,1,None,1
0.5,0.22,0.28,None,1,None,0,1,1,None,1
0.5,0.2,0.3,None,1,None,0,1,1,None,1
0.5,0.18,0.32,None,1,None,0,1,1,None,1
0.5,0.16,0.34,None,1,None,0,1,1,None,1
0.5,0.14,0.36,None,1,None,0,1,1,None,1
0.5,0.12,0.38,None,1,None,0,1,1,None,1
0.5,0.1,0.4,None,0.995,None,0,1,1,None,0.995
0.5,0.08,0.42,None,0.99,None,0,1,1,None,0.99
0.5,0.06,0.44,None,0.98,None,0,1,1,None,0.98
0.5,0.04,0.46,None,0.975,None,0,1,1,None,0.975
0.5,0.02,0.48,None,0.965,None,0,1,1,None,0.965
0.48,0.5,0.02,None,0.06,None,1,1,1,None,0.06
0.48,0.48,0.04,None,0.05,None,1,1,1,None,0.05
0.48,0.46,0.06,None,0.005,None,1,1,1,None,0.005
0.48,0.44,0.08,None,5.06E-20,None,1,1,1,None,5.06E-20
0.48,0.42,0.1,None,5.06E-20,None,1,1,1,None,5.06E-20
0.48,0.4,0.12,None,5.06E-20,None,1,1,1,None,5.06E-20
0.48,0.38,0.14,None,5.06E-20,None,1,1,1,None,5.06E-20
0.48,0.36,0.16,None,-3.14E-20,None,1,1,1,None,-3.14E-20
0.48,0.34,0.18,None,0.005,None,1,1,1,None,0.005
0.48,0.32,0.2,None,0.07,None,1,1,1,None,0.07
0.48,0.3,0.22,None,0.856134021,None,0,1,1,None,0.856134021
0.48,0.28,0.24,None,1,None,0,1,1,None,1
0.48,0.26,0.26,None,1,None,0,1,1,None,1
0.48,0.24,0.28,None,1,None,0,1,1,None,1
0.48,0.22,0.3,None,1,None,0,1,1,None,1
0.48,0.2,0.32,None,1,None,0,1,1,None,1
0.48,0.18,0.34,None,1,None,0,1,1,None,1
0.48,0.16,0.36,None,1,None,0,1,1,None,1
0.48,0.14,0.38,None,1,None,0,1,1,None,1
0.48,0.12,0.4,None,1,None,0,1,1,None,1
0.48,0.1,0.42,None,0.995,None,0,1,1,None,0.995
0.48,0.08,0.44,None,0.99,None,0,1,1,None,0.99
0.48,0.06,0.46,None,0.965,None,0,1,1,None,0.965
0.48,0.04,0.48,None,0.93,None,0,1,1,None,0.93
0.48,0.02,0.5,None,0.86,None,0,1,1,None,0.86
0.46,0.52,0.02,None,0.055,None,1,1,1,None,0.055
0.46,0.5,0.04,None,0.035,None,1,1,1,None,0.035
0.46,0.48,0.06,None,0.03,None,1,1,1,None,0.03
0.46,0.46,0.08,None,0.035,None,1,1,1,None,0.035
0.46,0.44,0.1,None,5.06E-20,None,1,1,1,None,5.06E-20
0.46,0.42,0.12,None,5.06E-20,None,1,1,1,None,5.06E-20
0.46,0.4,0.14,None,5.06E-20,None,1,1,1,None,5.06E-20
0.46,0.38,0.16,None,-3.14E-20,None,1,1,1,None,-3.14E-20
0.46,0.36,0.18,None,-3.14E-20,None,1,1,1,None,-3.14E-20
0.46,0.34,0.2,None,0.02,None,1,1,1,None,0.02
0.46,0.32,0.22,None,0.96984375,None,0,1,1,None,0.96984375
0.46,0.3,0.24,None,1,None,0,1,1,None,1
0.46,0.28,0.26,None,1,None,0,1,1,None,1
0.46,0.26,0.28,None,1,None,0,1,1,None,1
0.46,0.24,0.3,None,1,None,0,1,1,None,1
0.46,0.22,0.32,None,1,None,0,1,1,None,1
0.46,0.2,0.34,None,1,None,0,1,1,None,1
0.46,0.18,0.36,None,1,None,0,1,1,None,1
0.46,0.16,0.38,None,1,None,0,1,1,None,1
0.46,0.14,0.4,None,1,None,0,1,1,None,1
0.46,0.12,0.42,None,1,None,0,1,1,None,1
0.46,0.1,0.44,None,0.99,None,0,1,1,None,0.99
0.46,0.08,0.46,None,0.955,None,0,1,1,None,0.955
0.46,0.06,0.48,None,0.9,None,0,1,1,None,0.9
0.46,0.04,0.5,None,0.86,None,0,1,1,None,0.86
0.46,0.02,0.52,None,0.765,None,0,1,1,None,0.765
0.44,0.54,0.02,None,0.055,None,1,1,1,None,0.055
0.44,0.52,0.04,None,0.035,None,1,1,1,None,0.035
0.44,0.5,0.06,None,0.03,None,1,1,1,None,0.03
0.44,0.48,0.08,None,0.015,None,1,1,1,None,0.015
0.44,0.46,0.1,None,0.01,None,1,1,1,None,0.01
0.44,0.44,0.12,None,0.03,None,1,1,1,None,0.03
0.44,0.42,0.14,None,5.06E-20,None,1,1,1,None,5.06E-20
0.44,0.4,0.16,None,-3.14E-20,None,1,1,1,None,-3.14E-20
0.44,0.38,0.18,None,-7.30E-20,None,1,1,1,None,-7.30E-20
0.44,0.36,0.2,None,0.015,None,1,1,1,None,0.015
0.44,0.34,0.22,None,0.985,None,0,1,1,None,0.985
0.44,0.32,0.24,None,1,None,0,1,1,None,1
0.44,0.3,0.26,None,1,None,0,1,1,None,1
0.44,0.28,0.28,None,1,None,0,1,1,None,1
0.44,0.26,0.3,None,1,None,0,1,1,None,1
0.44,0.24,0.32,None,1,None,0,1,1,None,1
0.44,0.22,0.34,None,1,None,0,1,1,None,1
0.44,0.2,0.36,None,1,None,0,1,1,None,1
0.44,0.18,0.38,None,1,None,0,1,1,None,1
0.44,0.16,0.4,None,1,None,0,1,1,None,1
0.44,0.14,0.42,None,1,None,0,1,1,None,1
0.44,0.12,0.44,None,0.995,None,0,1,1,None,0.995
0.44,0.1,0.46,None,0.955,None,0,1,1,None,0.955
0.44,0.08,0.48,None,0.905,None,0,1,1,None,0.905
0.44,0.06,0.5,None,0.85,None,0,1,1,None,0.85
0.44,0.04,0.52,None,0.655,None,0,1,1,None,0.655
0.44,0.02,0.54,None,0.46,None,1,1,1,None,0.46
0.42,0.56,0.02,None,0.05,None,1,1,1,None,0.05
0.42,0.54,0.04,None,0.03,None,1,1,1,None,0.03
0.42,0.52,0.06,None,0.02,None,1,1,1,None,0.02
0.42,0.5,0.08,None,0.01,None,1,1,1,None,0.01
0.42,0.48,0.1,None,0.005,None,1,1,1,None,0.005
0.42,0.46,0.12,None,0.01,None,1,1,1,None,0.01
0.42,0.44,0.14,None,3.98E-20,None,1,1,1,None,3.98E-20
0.42,0.42,0.16,None,0.02,None,1,1,1,None,0.02
0.42,0.4,0.18,None,-1.66E-19,None,1,1,1,None,-1.66E-19
0.42,0.38,0.2,None,0.08,None,1,1,1,None,0.08
0.42,0.36,0.22,None,0.99,None,0,1,1,None,0.99
0.42,0.34,0.24,None,1,None,0,1,1,None,1
0.42,0.32,0.26,None,1,None,0,1,1,None,1
0.42,0.3,0.28,None,0.995,None,0,1,1,None,0.995
0.42,0.28,0.3,None,1,None,0,1,1,None,1
0.42,0.26,0.32,None,1,None,0,1,1,None,1
0.42,0.24,0.34,None,1,None,0,1,1,None,1
0.42,0.22,0.36,None,1,None,0,1,1,None,1
0.42,0.2,0.38,None,1,None,0,1,1,None,1
0.42,0.18,0.4,None,0.995,None,0,1,1,None,0.995
0.42,0.16,0.42,None,0.995,None,0,1,1,None,0.995
0.42,0.14,0.44,None,1,None,0,1,1,None,1
0.42,0.12,0.46,None,0.995,None,0,1,1,None,0.995
0.42,0.1,0.48,None,0.895,None,0,1,1,None,0.895
0.42,0.08,0.5,None,0.815,None,0,1,1,None,0.815
0.42,0.06,0.52,None,0.625,None,0,1,1,None,0.625
0.42,0.04,0.54,None,0.415,None,1,1,1,None,0.415
0.42,0.02,0.56,None,0.375,None,1,1,1,None,0.375
0.4,0.58,0.02,None,0.045,None,1,1,1,None,0.045
0.4,0.56,0.04,None,0.035,None,1,1,1,None,0.035
0.4,0.54,0.06,None,0.015,None,1,1,1,None,0.015
0.4,0.52,0.08,None,0.01,None,1,1,1,None,0.01
0.4,0.5,0.1,None,3.98E-20,None,1,1,1,None,3.98E-20
0.4,0.48,0.12,None,3.98E-20,None,1,1,1,None,3.98E-20
0.4,0.46,0.14,None,3.98E-20,None,1,1,1,None,3.98E-20
0.4,0.44,0.16,None,3.98E-20,None,1,1,1,None,3.98E-20
0.4,0.42,0.18,None,-8.85E-19,None,1,1,1,None,-8.85E-19
0.4,0.4,0.2,None,0.416842105,None,1,1,1,None,0.416842105
0.4,0.38,0.22,None,0.995,None,0,1,1,None,0.995
0.4,0.36,0.24,None,0.995,None,0,1,1,None,0.995
0.4,0.34,0.26,None,1,None,0,1,1,None,1
0.4,0.32,0.28,None,1,None,0,1,1,None,1
0.4,0.3,0.3,None,1,None,0,1,1,None,1
0.4,0.28,0.32,None,1,None,0,1,1,None,1
0.4,0.26,0.34,None,1,None,0,1,1,None,1
0.4,0.24,0.36,None,0.99,None,0,1,1,None,0.99
0.4,0.22,0.38,None,1,None,0,1,1,None,1
0.4,0.2,0.4,None,0.995,None,0,1,1,None,0.995
0.4,0.18,0.42,None,1,None,0,1,1,None,1
0.4,0.16,0.44,None,1,None,0,1,1,None,1
0.4,0.14,0.46,None,0.995,None,0,1,1,None,0.995
0.4,0.12,0.48,None,0.88,None,0,1,1,None,0.88
0.4,0.1,0.5,None,0.74,None,0,1,1,None,0.74
0.4,0.08,0.52,None,0.435,None,1,1,1,None,0.435
0.4,0.06,0.54,None,0.38,None,1,1,1,None,0.38
0.4,0.04,0.56,None,0.365,None,1,1,1,None,0.365
0.4,0.02,0.58,None,0.335,None,1,1,1,None,0.335
0.38,0.6,0.02,None,0.035,None,1,1,1,None,0.035
0.38,0.58,0.04,None,0.035,None,1,1,1,None,0.035
0.38,0.56,0.06,None,0.015,None,1,1,1,None,0.015
0.38,0.54,0.08,None,0.005,None,1,1,1,None,0.005
0.38,0.52,0.1,None,0.005,None,1,1,1,None,0.005
0.38,0.5,0.12,None,3.98E-20,None,1,1,1,None,3.98E-20
0.38,0.48,0.14,None,3.98E-20,None,1,1,1,None,3.98E-20
0.38,0.46,0.16,None,3.98E-20,None,1,1,1,None,3.98E-20
0.38,0.44,0.18,None,0.051842105,None,1,1,1,None,0.051842105
0.38,0.42,0.2,None,0.396842105,None,1,1,1,None,0.396842105
0.38,0.4,0.22,None,0.965,None,0,1,1,None,0.965
0.38,0.38,0.24,None,0.99,None,0,1,1,None,0.99
0.38,0.36,0.26,None,0.99,None,0,1,1,None,0.99
0.38,0.34,0.28,None,0.995,None,0,1,1,None,0.995
0.38,0.32,0.3,None,1,None,0,1,1,None,1
0.38,0.3,0.32,None,1,None,0,1,1,None,1
0.38,0.28,0.34,None,1,None,0,1,1,None,1
0.38,0.26,0.36,None,1,None,0,1,1,None,1
0.38,0.24,0.38,None,1,None,0,1,1,None,1
0.38,0.22,0.4,None,1,None,0,1,1,None,1
0.38,0.2,0.42,None,1,None,0,1,1,None,1
0.38,0.18,0.44,None,1,None,0,1,1,None,1
0.38,0.16,0.46,None,0.985,None,0,1,1,None,0.985
0.38,0.14,0.48,None,0.88,None,0,1,1,None,0.88
0.38,0.12,0.5,None,0.63,None,0,1,1,None,0.63
0.38,0.1,0.52,None,0.32,None,1,1,1,None,0.32
0.38,0.08,0.54,None,0.315,None,1,1,1,None,0.315
0.38,0.06,0.56,None,0.3,None,1,1,1,None,0.3
0.38,0.04,0.58,None,0.27,None,1,1,1,None,0.27
0.38,0.02,0.6,None,0.26,None,1,1,1,None,0.26
0.36,0.62,0.02,None,0.04,None,1,1,1,None,0.04
0.36,0.6,0.04,None,0.035,None,1,1,1,None,0.035
0.36,0.58,0.06,None,0.025,None,1,1,1,None,0.025
0.36,0.56,0.08,None,0.005,None,1,1,1,None,0.005
0.36,0.54,0.1,None,0.005,None,1,1,1,None,0.005
0.36,0.52,0.12,None,3.98E-20,None,1,1,1,None,3.98E-20
0.36,0.5,0.14,None,0.005,None,1,1,1,None,0.005
0.36,0.48,0.16,None,0.005,None,1,1,1,None,0.005
0.36,0.46,0.18,None,0.316666667,None,1,1,1,None,0.316666667
0.36,0.44,0.2,None,0.61,None,0,1,1,None,0.61
0.36,0.42,0.22,None,0.98,None,0,1,1,None,0.98
0.36,0.4,0.24,None,0.995,None,0,1,1,None,0.995
0.36,0.38,0.26,None,1,None,0,1,1,None,1
0.36,0.36,0.28,None,0.995,None,0,1,1,None,0.995
0.36,0.34,0.3,None,1,None,0,1,1,None,1
0.36,0.32,0.32,None,1,None,0,1,1,None,1
0.36,0.3,0.34,None,1,None,0,1,1,None,1
0.36,0.28,0.36,None,1,None,0,1,1,None,1
0.36,0.26,0.38,None,1,None,0,1,1,None,1
0.36,0.24,0.4,None,1,None,0,1,1,None,1
0.36,0.22,0.42,None,1,None,0,1,1,None,1
0.36,0.2,0.44,None,1,None,0,1,1,None,1
0.36,0.18,0.46,None,1,None,0,1,1,None,1
0.36,0.16,0.48,None,0.76,None,0,1,1,None,0.76
0.36,0.14,0.5,None,0.230067568,None,1,1,1,None,0.230067568
0.36,0.12,0.52,None,0.185067568,None,1,1,1,None,0.185067568
0.36,0.1,0.54,None,0.185,None,1,1,1,None,0.185
0.36,0.08,0.56,None,0.15,None,1,1,1,None,0.15
0.36,0.06,0.58,None,0.17,None,1,1,1,None,0.17
0.36,0.04,0.6,None,0.18,None,1,1,1,None,0.18
0.36,0.02,0.62,None,0.2,None,1,1,1,None,0.2
0.34,0.64,0.02,None,0.04,None,1,1,1,None,0.04
0.34,0.62,0.04,None,0.025,None,1,1,1,None,0.025
0.34,0.6,0.06,None,0.02,None,1,1,1,None,0.02
0.34,0.58,0.08,None,0.015,None,1,1,1,None,0.015
0.34,0.56,0.1,None,0.01,None,1,1,1,None,0.01
0.34,0.54,0.12,None,3.98E-20,None,1,1,1,None,3.98E-20
0.34,0.52,0.14,None,0.005,None,1,1,1,None,0.005
0.34,0.5,0.16,None,0.04,None,1,1,1,None,0.04
0.34,0.48,0.18,None,0.795,None,0,1,1,None,0.795
0.34,0.46,0.2,None,0.855,None,0,1,1,None,0.855
0.34,0.44,0.22,None,0.87,None,0,1,1,None,0.87
0.34,0.42,0.24,None,0.98,None,0,1,1,None,0.98
0.34,0.4,0.26,None,1,None,0,1,1,None,1
0.34,0.38,0.28,None,1,None,0,1,1,None,1
0.34,0.36,0.3,None,1,None,0,1,1,None,1
0.34,0.34,0.32,None,1,None,0,1,1,None,1
0.34,0.32,0.34,None,1,None,0,1,1,None,1
0.34,0.3,0.36,None,1,None,0,1,1,None,1
0.34,0.28,0.38,None,1,None,0,1,1,None,1
0.34,0.26,0.4,None,1,None,0,1,1,None,1
0.34,0.24,0.42,None,1,None,0,1,1,None,1
0.34,0.22,0.44,None,1,None,0,1,1,None,1
0.34,0.2,0.46,None,1,None,0,1,1,None,1
0.34,0.18,0.48,None,0.935,None,0,1,1,None,0.935
0.34,0.16,0.5,None,0.19,None,1,1,1,None,0.19
0.34,0.14,0.52,None,0.105,None,1,1,1,None,0.105
0.34,0.12,0.54,None,0.07,None,1,1,1,None,0.07
0.34,0.1,0.56,None,0.07,None,1,1,1,None,0.07
0.34,0.08,0.58,None,0.07,None,1,1,1,None,0.07
0.34,0.06,0.6,None,0.09,None,1,1,1,None,0.09
0.34,0.04,0.62,None,0.125,None,1,1,1,None,0.125
0.34,0.02,0.64,None,0.115,None,1,1,1,None,0.115
0.32,0.66,0.02,None,0.025,None,1,1,1,None,0.025
0.32,0.64,0.04,None,0.02,None,1,1,1,None,0.02
0.32,0.62,0.06,None,0.02,None,1,1,1,None,0.02
0.32,0.6,0.08,None,0.015,None,1,1,1,None,0.015
0.32,0.58,0.1,None,0.015,None,1,1,1,None,0.015
0.32,0.56,0.12,None,3.98E-20,None,1,1,1,None,3.98E-20
0.32,0.54,0.14,None,3.98E-20,None,1,1,1,None,3.98E-20
0.32,0.52,0.16,None,0.08,None,1,1,1,None,0.08
0.32,0.5,0.18,None,0.93,None,0,1,1,None,0.93
0.32,0.48,0.2,None,0.83,None,0,1,1,None,0.83
0.32,0.46,0.22,None,0.426615802,None,1,1,1,None,0.426615802
0.32,0.44,0.24,None,0.935,None,0,1,1,None,0.935
0.32,0.42,0.26,None,0.99,None,0,1,1,None,0.99
0.32,0.4,0.28,None,0.995,None,0,1,1,None,0.995
0.32,0.38,0.3,None,1,None,0,1,1,None,1
0.32,0.36,0.32,None,1,None,0,1,1,None,1
0.32,0.34,0.34,None,1,None,0,1,1,None,1
0.32,0.32,0.36,None,1,None,0,1,1,None,1
0.32,0.3,0.38,None,1,None,0,1,1,None,1
0.32,0.28,0.4,None,1,None,0,1,1,None,1
0.32,0.26,0.42,None,1,None,0,1,1,None,1
0.32,0.24,0.44,None,1,None,0,1,1,None,1
0.32,0.22,0.46,None,1,None,0,1,1,None,1
0.32,0.2,0.48,None,0.86,None,0,1,1,None,0.86
0.32,0.18,0.5,None,0.305,None,1,1,1,None,0.305
0.32,0.16,0.52,None,-5.25E-18,None,1,1,1,None,-5.25E-18
0.32,0.14,0.54,None,0.03,None,1,1,1,None,0.03
0.32,0.12,0.56,None,0.035,None,1,1,1,None,0.035
0.32,0.1,0.58,None,0.035,None,1,1,1,None,0.035
0.32,0.08,0.6,None,0.04,None,1,1,1,None,0.04
0.32,0.06,0.62,None,0.035,None,1,1,1,None,0.035
0.32,0.04,0.64,None,0.03,None,1,1,1,None,0.03
0.32,0.02,0.66,None,0.04,None,1,1,1,None,0.04
0.3,0.68,0.02,None,0.02,None,1,1,1,None,0.02
0.3,0.66,0.04,None,0.02,None,1,1,1,None,0.02
0.3,0.64,0.06,None,0.02,None,1,1,1,None,0.02
0.3,0.62,0.08,None,0.015,None,1,1,1,None,0.015
0.3,0.6,0.1,None,0.0075,None,1,1,1,None,0.0075
0.3,0.58,0.12,None,3.98E-20,None,1,1,1,None,3.98E-20
0.3,0.56,0.14,None,0.005,None,1,1,1,None,0.005
0.3,0.54,0.16,None,0.18,None,1,1,1,None,0.18
0.3,0.52,0.18,None,0.98,None,0,1,1,None,0.98
0.3,0.5,0.2,None,0.965,None,0,1,1,None,0.965
0.3,0.48,0.22,None,0.79,None,0,1,1,None,0.79
0.3,0.46,0.24,None,0.555,None,0,1,1,None,0.555
0.3,0.44,0.26,None,0.955,None,0,1,1,None,0.955
0.3,0.42,0.28,None,0.99,None,0,1,1,None,0.99
0.3,0.4,0.3,None,0.995,None,0,1,1,None,0.995
0.3,0.38,0.32,None,1,None,0,1,1,None,1
0.3,0.36,0.34,None,1,None,0,1,1,None,1
0.3,0.34,0.36,None,1,None,0,1,1,None,1
0.3,0.32,0.38,None,0.995,None,0,1,1,None,0.995
0.3,0.3,0.4,None,1,None,0,1,1,None,1
0.3,0.28,0.42,None,1,None,0,1,1,None,1
0.3,0.26,0.44,None,1,None,0,1,1,None,1
0.3,0.24,0.46,None,0.985,None,0,1,1,None,0.985
0.3,0.22,0.48,None,0.584270833,None,0,1,1,None,0.584270833
0.3,0.2,0.5,None,0.015,None,1,1,1,None,0.015
0.3,0.18,0.52,None,-3.98E-18,None,1,1,1,None,-3.98E-18
0.3,0.16,0.54,None,0.01,None,1,1,1,None,0.01
0.3,0.14,0.56,None,0.01,None,1,1,1,None,0.01
0.3,0.12,0.58,None,0.025,None,1,1,1,None,0.025
0.3,0.1,0.6,None,0.025,None,1,1,1,None,0.025
0.3,0.08,0.62,None,0.015,None,1,1,1,None,0.015
0.3,0.06,0.64,None,0.025,None,1,1,1,None,0.025
0.3,0.04,0.66,None,0.03,None,1,1,1,None,0.03
0.3,0.02,0.68,None,0.03,None,1,1,1,None,0.03
0.28,0.7,0.02,None,0.035,None,1,1,1,None,0.035
0.28,0.68,0.04,None,0.025,None,1,1,1,None,0.025
0.28,0.66,0.06,None,0.025,None,1,1,1,None,0.025
0.28,0.64,0.08,None,0.015,None,1,1,1,None,0.015
0.28,0.62,0.1,None,0.0125,None,1,1,1,None,0.0125
0.28,0.6,0.12,None,3.98E-20,None,1,1,1,None,3.98E-20
0.28,0.58,0.14,None,0.005,None,1,1,1,None,0.005
0.28,0.56,0.16,None,0.315,None,1,1,1,None,0.315
0.28,0.54,0.18,None,0.975,None,0,1,1,None,0.975
0.28,0.52,0.2,None,0.975,None,0,1,1,None,0.975
0.28,0.5,0.22,None,0.955,None,0,1,1,None,0.955
0.28,0.48,0.24,None,0.84,None,0,1,1,None,0.84
0.28,0.46,0.26,None,0.775,None,0,1,1,None,0.775
0.28,0.44,0.28,None,0.975,None,0,1,1,None,0.975
0.28,0.42,0.3,None,0.995,None,0,1,1,None,0.995
0.28,0.4,0.32,None,1,None,0,1,1,None,1
0.28,0.38,0.34,None,1,None,0,1,1,None,1
0.28,0.36,0.36,None,1,None,0,1,1,None,1
0.28,0.34,0.38,None,1,None,0,1,1,None,1
0.28,0.32,0.4,None,1,None,0,1,1,None,1
0.28,0.3,0.42,None,1,None,0,1,1,None,1
0.28,0.28,0.44,None,0.985,None,0,1,1,None,0.985
0.28,0.26,0.46,None,0.72032177,None,0,1,1,None,0.72032177
0.28,0.24,0.48,None,0.015,None,1,1,1,None,0.015
0.28,0.22,0.5,None,0.01,None,1,1,1,None,0.01
0.28,0.2,0.52,None,-4.16E-18,None,1,1,1,None,-4.16E-18
0.28,0.18,0.54,None,1.12E-18,None,1,1,1,None,1.12E-18
0.28,0.16,0.56,None,0.005,None,1,1,1,None,0.005
0.28,0.14,0.58,None,0.01,None,1,1,1,None,0.01
0.28,0.12,0.6,None,0.01,None,1,1,1,None,0.01
0.28,0.1,0.62,None,0.015,None,1,1,1,None,0.015
0.28,0.08,0.64,None,0.01,None,1,1,1,None,0.01
0.28,0.06,0.66,None,0.01,None,1,1,1,None,0.01
0.28,0.04,0.68,None,0.015,None,1,1,1,None,0.015
0.28,0.02,0.7,None,0.015,None,1,1,1,None,0.015
0.26,0.72,0.02,None,0.035,None,1,1,1,None,0.035
0.26,0.7,0.04,None,0.035,None,1,1,1,None,0.035
0.26,0.68,0.06,None,0.03,None,1,1,1,None,0.03
0.26,0.66,0.08,None,0.025,None,1,1,1,None,0.025
0.26,0.64,0.1,None,0.0225,None,1,1,1,None,0.0225
0.26,0.62,0.12,None,0.005,None,1,1,1,None,0.005
0.26,0.6,0.14,None,0.005,None,1,1,1,None,0.005
0.26,0.58,0.16,None,0.4,None,1,1,1,None,0.4
0.26,0.56,0.18,None,0.985,None,0,1,1,None,0.985
0.26,0.54,0.2,None,0.99,None,0,1,1,None,0.99
0.26,0.52,0.22,None,0.99,None,0,1,1,None,0.99
0.26,0.5,0.24,None,0.925,None,0,1,1,None,0.925
0.26,0.48,0.26,None,0.725,None,0,1,1,None,0.725
0.26,0.46,0.28,None,0.97,None,0,1,1,None,0.97
0.26,0.44,0.3,None,0.995,None,0,1,1,None,0.995
0.26,0.42,0.32,None,0.995,None,0,1,1,None,0.995
0.26,0.4,0.34,None,1,None,0,1,1,None,1
0.26,0.38,0.36,None,1,None,0,1,1,None,1
0.26,0.36,0.38,None,0.995,None,0,1,1,None,0.995
0.26,0.34,0.4,None,0.98,None,0,1,1,None,0.98
0.26,0.32,0.42,None,0.99,None,0,1,1,None,0.99
0.26,0.3,0.44,None,0.895,None,0,1,1,None,0.895
0.26,0.28,0.46,None,0.265246425,None,1,1,1,None,0.265246425
0.26,0.26,0.48,None,0.005,None,1,1,1,None,0.005
0.26,0.24,0.5,None,0.005,None,1,1,1,None,0.005
0.26,0.22,0.52,None,8.88E-19,None,1,1,1,None,8.88E-19
0.26,0.2,0.54,None,1.06E-18,None,1,1,1,None,1.06E-18
0.26,0.18,0.56,None,1.13E-18,None,1,1,1,None,1.13E-18
0.26,0.16,0.58,None,1.13E-18,None,1,1,1,None,1.13E-18
0.26,0.14,0.6,None,1.13E-18,None,1,1,1,None,1.13E-18
0.26,0.12,0.62,None,0.005,None,1,1,1,None,0.005
0.26,0.1,0.64,None,0.005,None,1,1,1,None,0.005
0.26,0.08,0.66,None,0.01,None,1,1,1,None,0.01
0.26,0.06,0.68,None,0.01,None,1,1,1,None,0.01
0.26,0.04,0.7,None,0.005,None,1,1,1,None,0.005
0.26,0.02,0.72,None,0.005,None,1,1,1,None,0.005
0.24,0.74,0.02,None,0.035,None,1,1,1,None,0.035
0.24,0.72,0.04,None,0.04,None,1,1,1,None,0.04
0.24,0.7,0.06,None,0.04,None,1,1,1,None,0.04
0.24,0.68,0.08,None,0.03,None,1,1,1,None,0.03
0.24,0.66,0.1,None,0.02,None,1,1,1,None,0.02
0.24,0.64,0.12,None,3.98E-20,None,1,1,1,None,3.98E-20
0.24,0.62,0.14,None,0.005,None,1,1,1,None,0.005
0.24,0.6,0.16,None,0.375,None,1,1,1,None,0.375
0.24,0.58,0.18,None,1,None,0,1,1,None,1
0.24,0.56,0.2,None,1,None,0,1,1,None,1
0.24,0.54,0.22,None,0.99,None,0,1,1,None,0.99
0.24,0.52,0.24,None,0.9775,None,0,1,1,None,0.9775
0.24,0.5,0.26,None,0.9125,None,0,1,1,None,0.9125
0.24,0.48,0.28,None,0.8925,None,0,1,1,None,0.8925
0.24,0.46,0.3,None,0.9575,None,0,1,1,None,0.9575
0.24,0.44,0.32,None,1,None,0,1,1,None,1
0.24,0.42,0.34,None,1,None,0,1,1,None,1
0.24,0.4,0.36,None,1,None,0,1,1,None,1
0.24,0.38,0.38,None,0.98,None,0,1,1,None,0.98
0.24,0.36,0.4,None,0.98,None,0,1,1,None,0.98
0.24,0.34,0.42,None,0.7,None,0,1,1,None,0.7
0.24,0.32,0.44,None,0.105,None,1,1,1,None,0.105
0.24,0.3,0.46,None,0.005,None,1,1,1,None,0.005
0.24,0.28,0.48,None,-3.59E-18,None,1,1,1,None,-3.59E-18
0.24,0.26,0.5,None,0.005,None,1,1,1,None,0.005
0.24,0.24,0.52,None,1.06E-18,None,1,1,1,None,1.06E-18
0.24,0.22,0.54,None,1.13E-18,None,1,1,1,None,1.13E-18
0.24,0.2,0.56,None,1.13E-18,None,1,1,1,None,1.13E-18
0.24,0.18,0.58,None,1.16E-18,None,1,1,1,None,1.16E-18
0.24,0.16,0.6,None,1.16E-18,None,1,1,1,None,1.16E-18
0.24,0.14,0.62,None,0.005,None,1,1,1,None,0.005
0.24,0.12,0.64,None,0.005,None,1,1,1,None,0.005
0.24,0.1,0.66,None,0.005,None,1,1,1,None,0.005
0.24,0.08,0.68,None,0.005,None,1,1,1,None,0.005
0.24,0.06,0.7,None,0.005,None,1,1,1,None,0.005
0.24,0.04,0.72,None,0.015,None,1,1,1,None,0.015
0.24,0.02,0.74,None,0.03,None,1,1,1,None,0.03
0.22,0.76,0.02,None,0.044353448,None,1,1,1,None,0.044353448
0.22,0.74,0.04,None,0.049353448,None,1,1,1,None,0.049353448
0.22,0.72,0.06,None,0.045,None,1,1,1,None,0.045
0.22,0.7,0.08,None,0.03,None,1,1,1,None,0.03
0.22,0.68,0.1,None,0.02,None,1,1,1,None,0.02
0.22,0.66,0.12,None,3.98E-20,None,1,1,1,None,3.98E-20
0.22,0.64,0.14,None,-4.47E-19,None,1,1,1,None,-4.47E-19
0.22,0.62,0.16,None,0.215,None,1,1,1,None,0.215
0.22,0.6,0.18,None,1,None,0,1,1,None,1
0.22,0.58,0.2,None,1,None,0,1,1,None,1
0.22,0.56,0.22,None,0.995,None,0,1,1,None,0.995
0.22,0.54,0.24,None,0.99,None,0,1,1,None,0.99
0.22,0.52,0.26,None,0.975,None,0,1,1,None,0.975
0.22,0.5,0.28,None,0.96,None,0,1,1,None,0.96
0.22,0.48,0.3,None,0.84,None,0,1,1,None,0.84
0.22,0.46,0.32,None,0.985,None,0,1,1,None,0.985
0.22,0.44,0.34,None,1,None,0,1,1,None,1
0.22,0.42,0.36,None,0.995,None,0,1,1,None,0.995
0.22,0.4,0.38,None,1,None,0,1,1,None,1
0.22,0.38,0.4,None,0.86,None,0,1,1,None,0.86
0.22,0.36,0.42,None,0.37,None,1,1,1,None,0.37
0.22,0.34,0.44,None,0.045,None,1,1,1,None,0.045
0.22,0.32,0.46,None,-1.14E-17,None,1,1,1,None,-1.14E-17
0.22,0.3,0.48,None,1.67E-18,None,1,1,1,None,1.67E-18
0.22,0.28,0.5,None,0.005,None,1,1,1,None,0.005
0.22,0.26,0.52,None,1.84E-18,None,1,1,1,None,1.84E-18
0.22,0.24,0.54,None,1.84E-18,None,1,1,1,None,1.84E-18
0.22,0.22,0.56,None,1.84E-18,None,1,1,1,None,1.84E-18
0.22,0.2,0.58,None,1.16E-18,None,1,1,1,None,1.16E-18
0.22,0.18,0.6,None,1.16E-18,None,1,1,1,None,1.16E-18
0.22,0.16,0.62,None,1.16E-18,None,1,1,1,None,1.16E-18
0.22,0.14,0.64,None,1.16E-18,None,1,1,1,None,1.16E-18
0.22,0.12,0.66,None,0.005,None,1,1,1,None,0.005
0.22,0.1,0.68,None,0.005,None,1,1,1,None,0.005
0.22,0.08,0.7,None,0.005,None,1,1,1,None,0.005
0.22,0.06,0.72,None,0.01,None,1,1,1,None,0.01
0.22,0.04,0.74,None,0.0225,None,1,1,1,None,0.0225
0.22,0.02,0.76,None,0.0375,None,1,1,1,None,0.0375
0.2,0.78,0.02,None,0.059353448,None,1,1,1,None,0.059353448
0.2,0.76,0.04,None,0.054353448,None,1,1,1,None,0.054353448
0.2,0.74,0.06,None,0.04,None,1,1,1,None,0.04
0.2,0.72,0.08,None,0.035,None,1,1,1,None,0.035
0.2,0.7,0.1,None,0.035,None,1,1,1,None,0.035
0.2,0.68,0.12,None,3.98E-20,None,1,1,1,None,3.98E-20
0.2,0.66,0.14,None,3.98E-20,None,1,1,1,None,3.98E-20
0.2,0.64,0.16,None,0.16,None,1,1,1,None,0.16
0.2,0.62,0.18,None,0.98,None,0,1,1,None,0.98
0.2,0.6,0.2,None,1,None,0,1,1,None,1
0.2,0.58,0.22,None,1,None,0,1,1,None,1
0.2,0.56,0.24,None,1,None,0,1,1,None,1
0.2,0.54,0.26,None,1,None,0,1,1,None,1
0.2,0.52,0.28,None,0.995,None,0,1,1,None,0.995
0.2,0.5,0.3,None,0.995,None,0,1,1,None,0.995
0.2,0.48,0.32,None,0.96,None,0,1,1,None,0.96
0.2,0.46,0.34,None,1,None,0,1,1,None,1
0.2,0.44,0.36,None,1,None,0,1,1,None,1
0.2,0.42,0.38,None,0.995,None,0,1,1,None,0.995
0.2,0.4,0.4,None,0.95,None,0,1,1,None,0.95
0.2,0.38,0.42,None,0.445113636,None,1,1,1,None,0.445113636
0.2,0.36,0.44,None,0.035,None,1,1,1,None,0.035
0.2,0.34,0.46,None,0.005,None,1,1,1,None,0.005
0.2,0.32,0.48,None,2.23E-18,None,1,1,1,None,2.23E-18
0.2,0.3,0.5,None,0.005,None,1,1,1,None,0.005
0.2,0.28,0.52,None,1.84E-18,None,1,1,1,None,1.84E-18
0.2,0.26,0.54,None,1.84E-18,None,1,1,1,None,1.84E-18
0.2,0.24,0.56,None,1.84E-18,None,1,1,1,None,1.84E-18
0.2,0.22,0.58,None,1.84E-18,None,1,1,1,None,1.84E-18
0.2,0.2,0.6,None,1.84E-18,None,1,1,1,None,1.84E-18
0.2,0.18,0.62,None,1.84E-18,None,1,1,1,None,1.84E-18
0.2,0.16,0.64,None,1.84E-18,None,1,1,1,None,1.84E-18
0.2,0.14,0.66,None,1.84E-18,None,1,1,1,None,1.84E-18
0.2,0.12,0.68,None,0.005,None,1,1,1,None,0.005
0.2,0.1,0.7,None,0.005,None,1,1,1,None,0.005
0.2,0.08,0.72,None,0.0125,None,1,1,1,None,0.0125
0.2,0.06,0.74,None,0.0125,None,1,1,1,None,0.0125
0.2,0.04,0.76,None,0.0425,None,1,1,1,None,0.0425
0.2,0.02,0.78,None,0.0775,None,1,1,1,None,0.0775
0.18,0.8,0.02,None,0.063965517,None,1,1,1,None,0.063965517
0.18,0.78,0.04,None,0.045,None,1,1,1,None,0.045
0.18,0.76,0.06,None,0.04,None,1,1,1,None,0.04
0.18,0.74,0.08,None,0.04,None,1,1,1,None,0.04
0.18,0.72,0.1,None,0.035,None,1,1,1,None,0.035
0.18,0.7,0.12,None,0.01,None,1,1,1,None,0.01
0.18,0.68,0.14,None,3.98E-20,None,1,1,1,None,3.98E-20
0.18,0.66,0.16,None,0.05,None,1,1,1,None,0.05
0.18,0.64,0.18,None,0.96,None,0,1,1,None,0.96
0.18,0.62,0.2,None,1,None,0,1,1,None,1
0.18,0.6,0.22,None,0.995,None,0,1,1,None,0.995
0.18,0.58,0.24,None,1,None,0,1,1,None,1
0.18,0.56,0.26,None,0.995,None,0,1,1,None,0.995
0.18,0.54,0.28,None,0.995,None,0,1,1,None,0.995
0.18,0.52,0.3,None,0.99,None,0,1,1,None,0.99
0.18,0.5,0.32,None,0.99,None,0,1,1,None,0.99
0.18,0.48,0.34,None,0.98,None,0,1,1,None,0.98
0.18,0.46,0.36,None,1,None,0,1,1,None,1
0.18,0.44,0.38,None,1,None,0,1,1,None,1
0.18,0.42,0.4,None,0.995,None,0,1,1,None,0.995
0.18,0.4,0.42,None,0.445,None,1,1,1,None,0.445
0.18,0.38,0.44,None,0.03,None,1,1,1,None,0.03
0.18,0.36,0.46,None,0.005,None,1,1,1,None,0.005
0.18,0.34,0.48,None,2.17E-18,None,1,1,1,None,2.17E-18
0.18,0.32,0.5,None,0.005,None,1,1,1,None,0.005
0.18,0.3,0.52,None,1.84E-18,None,1,1,1,None,1.84E-18
0.18,0.28,0.54,None,1.84E-18,None,1,1,1,None,1.84E-18
0.18,0.26,0.56,None,1.84E-18,None,1,1,1,None,1.84E-18
0.18,0.24,0.58,None,1.84E-18,None,1,1,1,None,1.84E-18
0.18,0.22,0.6,None,1.84E-18,None,1,1,1,None,1.84E-18
0.18,0.2,0.62,None,1.84E-18,None,1,1,1,None,1.84E-18
0.18,0.18,0.64,None,1.84E-18,None,1,1,1,None,1.84E-18
0.18,0.16,0.66,None,1.84E-18,None,1,1,1,None,1.84E-18
0.18,0.14,0.68,None,1.14E-18,None,1,1,1,None,1.14E-18
0.18,0.12,0.7,None,0.005,None,1,1,1,None,0.005
0.18,0.1,0.72,None,0.0175,None,1,1,1,None,0.0175
0.18,0.08,0.74,None,0.0225,None,1,1,1,None,0.0225
0.18,0.06,0.76,None,0.0175,None,1,1,1,None,0.0175
0.18,0.04,0.78,None,0.0725,None,1,1,1,None,0.0725
0.18,0.02,0.8,None,0.1075,None,1,1,1,None,0.1075
0.16,0.82,0.02,None,0.065,None,1,1,1,None,0.065
0.16,0.8,0.04,None,0.05,None,1,1,1,None,0.05
0.16,0.78,0.06,None,0.045,None,1,1,1,None,0.045
0.16,0.76,0.08,None,0.05,None,1,1,1,None,0.05
0.16,0.74,0.1,None,0.04,None,1,1,1,None,0.04
0.16,0.72,0.12,None,0.01,None,1,1,1,None,0.01
0.16,0.7,0.14,None,3.98E-20,None,1,1,1,None,3.98E-20
0.16,0.68,0.16,None,0.015409829,None,1,1,1,None,0.015409829
0.16,0.66,0.18,None,0.88,None,0,1,1,None,0.88
0.16,0.64,0.2,None,0.985,None,0,1,1,None,0.985
0.16,0.62,0.22,None,0.99,None,0,1,1,None,0.99
0.16,0.6,0.24,None,1,None,0,1,1,None,1
0.16,0.58,0.26,None,1,None,0,1,1,None,1
0.16,0.56,0.28,None,0.99,None,0,1,1,None,0.99
0.16,0.54,0.3,None,0.995,None,0,1,1,None,0.995
0.16,0.52,0.32,None,1,None,0,1,1,None,1
0.16,0.5,0.34,None,1,None,0,1,1,None,1
0.16,0.48,0.36,None,0.995,None,0,1,1,None,0.995
0.16,0.46,0.38,None,1,None,0,1,1,None,1
0.16,0.44,0.4,None,0.99,None,0,1,1,None,0.99
0.16,0.42,0.42,None,0.495,None,1,1,1,None,0.495
0.16,0.4,0.44,None,0.01,None,1,1,1,None,0.01
0.16,0.38,0.46,None,-4.62E-18,None,1,1,1,None,-4.62E-18
0.16,0.36,0.48,None,2.17E-18,None,1,1,1,None,2.17E-18
0.16,0.34,0.5,None,0.005,None,1,1,1,None,0.005
0.16,0.32,0.52,None,1.84E-18,None,1,1,1,None,1.84E-18
0.16,0.3,0.54,None,1.84E-18,None,1,1,1,None,1.84E-18
0.16,0.28,0.56,None,1.84E-18,None,1,1,1,None,1.84E-18
0.16,0.26,0.58,None,1.84E-18,None,1,1,1,None,1.84E-18
0.16,0.24,0.6,None,1.84E-18,None,1,1,1,None,1.84E-18
0.16,0.22,0.62,None,1.82E-18,None,1,1,1,None,1.82E-18
0.16,0.2,0.64,None,1.84E-18,None,1,1,1,None,1.84E-18
0.16,0.18,0.66,None,1.16E-18,None,1,1,1,None,1.16E-18
0.16,0.16,0.68,None,8.88E-19,None,1,1,1,None,8.88E-19
0.16,0.14,0.7,None,8.81E-19,None,1,1,1,None,8.81E-19
0.16,0.12,0.72,None,0.005,None,1,1,1,None,0.005
0.16,0.1,0.74,None,0.0175,None,1,1,1,None,0.0175
0.16,0.08,0.76,None,0.0175,None,1,1,1,None,0.0175
0.16,0.06,0.78,None,0.0425,None,1,1,1,None,0.0425
0.16,0.04,0.8,None,0.1025,None,1,1,1,None,0.1025
0.16,0.02,0.82,None,0.1575,None,1,1,1,None,0.1575
0.14,0.84,0.02,None,0.06,None,1,1,1,None,0.06
0.14,0.82,0.04,None,0.06,None,1,1,1,None,0.06
0.14,0.8,0.06,None,0.055,None,1,1,1,None,0.055
0.14,0.78,0.08,None,0.055,None,1,1,1,None,0.055
0.14,0.76,0.1,None,0.035,None,1,1,1,None,0.035
0.14,0.74,0.12,None,0.015,None,1,1,1,None,0.015
0.14,0.72,0.14,None,9.39E-18,None,1,1,1,None,9.39E-18
0.14,0.7,0.16,None,0.01,None,1,1,1,None,0.01
0.14,0.68,0.18,None,0.565,None,0,1,1,None,0.565
0.14,0.66,0.2,None,0.957135844,None,0,1,1,None,0.957135844
0.14,0.64,0.22,None,1,None,0,1,1,None,1
0.14,0.62,0.24,None,1,None,0,1,1,None,1
0.14,0.6,0.26,None,1,None,0,1,1,None,1
0.14,0.58,0.28,None,1,None,0,1,1,None,1
0.14,0.56,0.3,None,0.985,None,0,1,1,None,0.985
0.14,0.54,0.32,None,1,None,0,1,1,None,1
0.14,0.52,0.34,None,1,None,0,1,1,None,1
0.14,0.5,0.36,None,0.995,None,0,1,1,None,0.995
0.14,0.48,0.38,None,0.975,None,0,1,1,None,0.975
0.14,0.46,0.4,None,0.92,None,0,1,1,None,0.92
0.14,0.44,0.42,None,0.230448143,None,1,1,1,None,0.230448143
0.14,0.42,0.44,None,0.005,None,1,1,1,None,0.005
0.14,0.4,0.46,None,-4.62E-18,None,1,1,1,None,-4.62E-18
0.14,0.38,0.48,None,2.17E-18,None,1,1,1,None,2.17E-18
0.14,0.36,0.5,None,0.005,None,1,1,1,None,0.005
0.14,0.34,0.52,None,1.84E-18,None,1,1,1,None,1.84E-18
0.14,0.32,0.54,None,1.84E-18,None,1,1,1,None,1.84E-18
0.14,0.3,0.56,None,1.84E-18,None,1,1,1,None,1.84E-18
0.14,0.28,0.58,None,1.84E-18,None,1,1,1,None,1.84E-18
0.14,0.26,0.6,None,1.84E-18,None,1,1,1,None,1.84E-18
0.14,0.24,0.62,None,1.82E-18,None,1,1,1,None,1.82E-18
0.14,0.22,0.64,None,1.82E-18,None,1,1,1,None,1.82E-18
0.14,0.2,0.66,None,8.88E-19,None,1,1,1,None,8.88E-19
0.14,0.18,0.68,None,9.00E-19,None,1,1,1,None,9.00E-19
0.14,0.16,0.7,None,8.81E-19,None,1,1,1,None,8.81E-19
0.14,0.14,0.72,None,0.005,None,1,1,1,None,0.005
0.14,0.12,0.74,None,0.015,None,1,1,1,None,0.015
0.14,0.1,0.76,None,0.015,None,1,1,1,None,0.015
0.14,0.08,0.78,None,0.0225,None,1,1,1,None,0.0225
0.14,0.06,0.8,None,0.1075,None,1,1,1,None,0.1075
0.14,0.04,0.82,None,0.1475,None,1,1,1,None,0.1475
0.14,0.02,0.84,None,0.175,None,1,1,1,None,0.175
0.12,0.86,0.02,None,0.075,None,1,1,1,None,0.075
0.12,0.84,0.04,None,0.055,None,1,1,1,None,0.055
0.12,0.82,0.06,None,0.06,None,1,1,1,None,0.06
0.12,0.8,0.08,None,0.06,None,1,1,1,None,0.06
0.12,0.78,0.1,None,0.04,None,1,1,1,None,0.04
0.12,0.76,0.12,None,0.005,None,1,1,1,None,0.005
0.12,0.74,0.14,None,0.005,None,1,1,1,None,0.005
0.12,0.72,0.16,None,9.32E-18,None,1,1,1,None,9.32E-18
0.12,0.7,0.18,None,0.04,None,1,1,1,None,0.04
0.12,0.68,0.2,None,0.735,None,0,1,1,None,0.735
0.12,0.66,0.22,None,1,None,0,1,1,None,1
0.12,0.64,0.24,None,1,None,0,1,1,None,1
0.12,0.62,0.26,None,1,None,0,1,1,None,1
0.12,0.6,0.28,None,1,None,0,1,1,None,1
0.12,0.58,0.3,None,0.985,None,0,1,1,None,0.985
0.12,0.56,0.32,None,1,None,0,1,1,None,1
0.12,0.54,0.34,None,1,None,0,1,1,None,1
0.12,0.52,0.36,None,1,None,0,1,1,None,1
0.12,0.5,0.38,None,0.975,None,0,1,1,None,0.975
0.12,0.48,0.4,None,0.265185185,None,1,1,1,None,0.265185185
0.12,0.46,0.42,None,0.07550375,None,1,1,1,None,0.07550375
0.12,0.44,0.44,None,0.050994337,None,1,1,1,None,0.050994337
0.12,0.42,0.46,None,-4.62E-18,None,1,1,1,None,-4.62E-18
0.12,0.4,0.48,None,2.17E-18,None,1,1,1,None,2.17E-18
0.12,0.38,0.5,None,0.005,None,1,1,1,None,0.005
0.12,0.36,0.52,None,2.17E-18,None,1,1,1,None,2.17E-18
0.12,0.34,0.54,None,1.84E-18,None,1,1,1,None,1.84E-18
0.12,0.32,0.56,None,1.84E-18,None,1,1,1,None,1.84E-18
0.12,0.3,0.58,None,1.84E-18,None,1,1,1,None,1.84E-18
0.12,0.28,0.6,None,1.82E-18,None,1,1,1,None,1.82E-18
0.12,0.26,0.62,None,1.82E-18,None,1,1,1,None,1.82E-18
0.12,0.24,0.64,None,8.69E-19,None,1,1,1,None,8.69E-19
0.12,0.22,0.66,None,8.81E-19,None,1,1,1,None,8.81E-19
0.12,0.2,0.68,None,8.81E-19,None,1,1,1,None,8.81E-19
0.12,0.18,0.7,None,8.81E-19,None,1,1,1,None,8.81E-19
0.12,0.16,0.72,None,8.81E-19,None,1,1,1,None,8.81E-19
0.12,0.14,0.74,None,0.005,None,1,1,1,None,0.005
0.12,0.12,0.76,None,0.01,None,1,1,1,None,0.01
0.12,0.1,0.78,None,0.01,None,1,1,1,None,0.01
0.12,0.08,0.8,None,0.105,None,1,1,1,None,0.105
0.12,0.06,0.82,None,0.17,None,1,1,1,None,0.17
0.12,0.04,0.84,None,0.155,None,1,1,1,None,0.155
0.12,0.02,0.86,None,0.125,None,1,1,1,None,0.125
0.1,0.88,0.02,None,0.07,None,1,1,1,None,0.07
0.1,0.86,0.04,None,0.06,None,1,1,1,None,0.06
0.1,0.84,0.06,None,0.07,None,1,1,1,None,0.07
0.1,0.82,0.08,None,0.05,None,1,1,1,None,0.05
0.1,0.8,0.1,None,0.045,None,1,1,1,None,0.045
0.1,0.78,0.12,None,0.01,None,1,1,1,None,0.01
0.1,0.76,0.14,None,9.35E-18,None,1,1,1,None,9.35E-18
0.1,0.74,0.16,None,9.32E-18,None,1,1,1,None,9.32E-18
0.1,0.72,0.18,None,0.01,None,1,1,1,None,0.01
0.1,0.7,0.2,None,0.1,None,1,1,1,None,0.1
0.1,0.68,0.22,None,0.97,None,0,1,1,None,0.97
0.1,0.66,0.24,None,0.995,None,0,1,1,None,0.995
0.1,0.64,0.26,None,1,None,0,1,1,None,1
0.1,0.62,0.28,None,1,None,0,1,1,None,1
0.1,0.6,0.3,None,0.995,None,0,1,1,None,0.995
0.1,0.58,0.32,None,1,None,0,1,1,None,1
0.1,0.56,0.34,None,1,None,0,1,1,None,1
0.1,0.54,0.36,None,1,None,0,1,1,None,1
0.1,0.52,0.38,None,0.640185185,None,0,1,1,None,0.640185185
0.1,0.5,0.4,None,0.225389683,None,1,1,1,None,0.225389683
0.1,0.48,0.42,None,0.13050375,None,1,1,1,None,0.13050375
0.1,0.46,0.44,None,0.11550375,None,1,1,1,None,0.11550375
0.1,0.44,0.46,None,0.01,None,1,1,1,None,0.01
0.1,0.42,0.48,None,2.17E-18,None,1,1,1,None,2.17E-18
0.1,0.4,0.5,None,0.005,None,1,1,1,None,0.005
0.1,0.38,0.52,None,2.17E-18,None,1,1,1,None,2.17E-18
0.1,0.36,0.54,None,1.84E-18,None,1,1,1,None,1.84E-18
0.1,0.34,0.56,None,1.84E-18,None,1,1,1,None,1.84E-18
0.1,0.32,0.58,None,1.84E-18,None,1,1,1,None,1.84E-18
0.1,0.3,0.6,None,1.82E-18,None,1,1,1,None,1.82E-18
0.1,0.28,0.62,None,8.69E-19,None,1,1,1,None,8.69E-19
0.1,0.26,0.64,None,8.81E-19,None,1,1,1,None,8.81E-19
0.1,0.24,0.66,None,8.81E-19,None,1,1,1,None,8.81E-19
0.1,0.22,0.68,None,8.81E-19,None,1,1,1,None,8.81E-19
0.1,0.2,0.7,None,8.81E-19,None,1,1,1,None,8.81E-19
0.1,0.18,0.72,None,0.005,None,1,1,1,None,0.005
0.1,0.16,0.74,None,0.005,None,1,1,1,None,0.005
0.1,0.14,0.76,None,0.01,None,1,1,1,None,0.01
0.1,0.12,0.78,None,0.02,None,1,1,1,None,0.02
0.1,0.1,0.8,None,0.11,None,1,1,1,None,0.11
0.1,0.08,0.82,None,0.16,None,1,1,1,None,0.16
0.1,0.06,0.84,None,0.15,None,1,1,1,None,0.15
0.1,0.04,0.86,None,0.125,None,1,1,1,None,0.125
0.1,0.02,0.88,None,0.105,None,1,1,1,None,0.105
0.08,0.9,0.02,None,0.065,None,1,1,1,None,0.065
0.08,0.88,0.04,None,0.06,None,1,1,1,None,0.06
0.08,0.86,0.06,None,0.065,None,1,1,1,None,0.065
0.08,0.84,0.08,None,0.06,None,1,1,1,None,0.06
0.08,0.82,0.1,None,0.045,None,1,1,1,None,0.045
0.08,0.8,0.12,None,0.01,None,1,1,1,None,0.01
0.08,0.78,0.14,None,0.005,None,1,1,1,None,0.005
0.08,0.76,0.16,None,9.32E-18,None,1,1,1,None,9.32E-18
0.08,0.74,0.18,None,0.02,None,1,1,1,None,0.02
0.08,0.72,0.2,None,0.065,None,1,1,1,None,0.065
0.08,0.7,0.22,None,0.722135844,None,0,1,1,None,0.722135844
0.08,0.68,0.24,None,0.965,None,0,1,1,None,0.965
0.08,0.66,0.26,None,0.995,None,0,1,1,None,0.995
0.08,0.64,0.28,None,0.995,None,0,1,1,None,0.995
0.08,0.62,0.3,None,1,None,0,1,1,None,1
0.08,0.6,0.32,None,1,None,0,1,1,None,1
0.08,0.58,0.34,None,0.985,None,0,1,1,None,0.985
0.08,0.56,0.36,None,0.705486373,None,0,1,1,None,0.705486373
0.08,0.54,0.38,None,0.400574868,None,1,1,1,None,0.400574868
0.08,0.52,0.4,None,0.225389683,None,1,1,1,None,0.225389683
0.08,0.5,0.42,None,0.16550375,None,1,1,1,None,0.16550375
0.08,0.48,0.44,None,0.11550375,None,1,1,1,None,0.11550375
0.08,0.46,0.46,None,0.055088496,None,1,1,1,None,0.055088496
0.08,0.44,0.48,None,0.015,None,1,1,1,None,0.015
0.08,0.42,0.5,None,0.02,None,1,1,1,None,0.02
0.08,0.4,0.52,None,0.02,None,1,1,1,None,0.02
0.08,0.38,0.54,None,0.02,None,1,1,1,None,0.02
0.08,0.36,0.56,None,0.015,None,1,1,1,None,0.015
0.08,0.34,0.58,None,0.01,None,1,1,1,None,0.01
0.08,0.32,0.6,None,0.01,None,1,1,1,None,0.01
0.08,0.3,0.62,None,0.005,None,1,1,1,None,0.005
0.08,0.28,0.64,None,0.005,None,1,1,1,None,0.005
0.08,0.26,0.66,None,0.005,None,1,1,1,None,0.005
0.08,0.24,0.68,None,0.01,None,1,1,1,None,0.01
0.08,0.22,0.7,None,0.015,None,1,1,1,None,0.015
0.08,0.2,0.72,None,0.02,None,1,1,1,None,0.02
0.08,0.18,0.74,None,0.02,None,1,1,1,None,0.02
0.08,0.16,0.76,None,0.02,None,1,1,1,None,0.02
0.08,0.14,0.78,None,0.025,None,1,1,1,None,0.025
0.08,0.12,0.8,None,0.09,None,1,1,1,None,0.09
0.08,0.1,0.82,None,0.18,None,1,1,1,None,0.18
0.08,0.08,0.84,None,0.135,None,1,1,1,None,0.135
0.08,0.06,0.86,None,0.075,None,1,1,1,None,0.075
0.08,0.04,0.88,None,0.1,None,1,1,1,None,0.1
0.08,0.02,0.9,None,0.095,None,1,1,1,None,0.095
0.06,0.92,0.02,None,0.065,None,1,1,1,None,0.065
0.06,0.9,0.04,None,0.065,None,1,1,1,None,0.065
0.06,0.88,0.06,None,0.055,None,1,1,1,None,0.055
0.06,0.86,0.08,None,0.06,None,1,1,1,None,0.06
0.06,0.84,0.1,None,0.035,None,1,1,1,None,0.035
0.06,0.82,0.12,None,0.02,None,1,1,1,None,0.02
0.06,0.8,0.14,None,9.32E-18,None,1,1,1,None,9.32E-18
0.06,0.78,0.16,None,1.66E-19,None,1,1,1,None,1.66E-19
0.06,0.76,0.18,None,0.025,None,1,1,1,None,0.025
0.06,0.74,0.2,None,0.045223881,None,1,1,1,None,0.045223881
0.06,0.72,0.22,None,0.282019149,None,1,1,1,None,0.282019149
0.06,0.7,0.24,None,0.592019149,None,0,1,1,None,0.592019149
0.06,0.68,0.26,None,0.787019149,None,0,1,1,None,0.787019149
0.06,0.66,0.28,None,0.83,None,0,1,1,None,0.83
0.06,0.64,0.3,None,0.85,None,0,1,1,None,0.85
0.06,0.62,0.32,None,0.845,None,0,1,1,None,0.845
0.06,0.6,0.34,None,0.705486373,None,0,1,1,None,0.705486373
0.06,0.58,0.36,None,0.560486373,None,0,1,1,None,0.560486373
0.06,0.56,0.38,None,0.330389683,None,1,1,1,None,0.330389683
0.06,0.54,0.4,None,0.215389683,None,1,1,1,None,0.215389683
0.06,0.52,0.42,None,0.16050375,None,1,1,1,None,0.16050375
0.06,0.5,0.44,None,0.14050375,None,1,1,1,None,0.14050375
0.06,0.48,0.46,None,0.12550375,None,1,1,1,None,0.12550375
0.06,0.46,0.48,None,0.015,None,1,1,1,None,0.015
0.06,0.44,0.5,None,0.02,None,1,1,1,None,0.02
0.06,0.42,0.52,None,0.02,None,1,1,1,None,0.02
0.06,0.4,0.54,None,0.02,None,1,1,1,None,0.02
0.06,0.38,0.56,None,0.02,None,1,1,1,None,0.02
0.06,0.36,0.58,None,0.015,None,1,1,1,None,0.015
0.06,0.34,0.6,None,0.02,None,1,1,1,None,0.02
0.06,0.32,0.62,None,0.015,None,1,1,1,None,0.015
0.06,0.3,0.64,None,0.02,None,1,1,1,None,0.02
0.06,0.28,0.66,None,0.02,None,1,1,1,None,0.02
0.06,0.26,0.68,None,0.015,None,1,1,1,None,0.015
0.06,0.24,0.7,None,0.02,None,1,1,1,None,0.02
0.06,0.22,0.72,None,0.02,None,1,1,1,None,0.02
0.06,0.2,0.74,None,0.025,None,1,1,1,None,0.025
0.06,0.18,0.76,None,0.025,None,1,1,1,None,0.025
0.06,0.16,0.78,None,0.03,None,1,1,1,None,0.03
0.06,0.14,0.8,None,0.07,None,1,1,1,None,0.07
0.06,0.12,0.82,None,0.135,None,1,1,1,None,0.135
0.06,0.1,0.84,None,0.105,None,1,1,1,None,0.105
0.06,0.08,0.86,None,0.075,None,1,1,1,None,0.075
0.06,0.06,0.88,None,0.09,None,1,1,1,None,0.09
0.06,0.04,0.9,None,0.09,None,1,1,1,None,0.09
0.06,0.02,0.92,None,0.095,None,1,1,1,None,0.095
0.04,0.94,0.02,None,0.06,None,1,1,1,None,0.06
0.04,0.92,0.04,None,0.06,None,1,1,1,None,0.06
0.04,0.9,0.06,None,0.07,None,1,1,1,None,0.07
0.04,0.88,0.08,None,0.06,None,1,1,1,None,0.06
0.04,0.86,0.1,None,0.055,None,1,1,1,None,0.055
0.04,0.84,0.12,None,0.04,None,1,1,1,None,0.04
0.04,0.82,0.14,None,0.02,None,1,1,1,None,0.02
0.04,0.8,0.16,None,0.015,None,1,1,1,None,0.015
0.04,0.78,0.18,None,0.03,None,1,1,1,None,0.03
0.04,0.76,0.2,None,0.060223881,None,1,1,1,None,0.060223881
0.04,0.74,0.22,None,0.222019149,None,1,1,1,None,0.222019149
0.04,0.72,0.24,None,0.484154993,None,1,1,1,None,0.484154993
0.04,0.7,0.26,None,0.685,None,0,1,1,None,0.685
0.04,0.68,0.28,None,0.805,None,0,1,1,None,0.805
0.04,0.66,0.3,None,0.805301187,None,0,1,1,None,0.805301187
0.04,0.64,0.32,None,0.645486373,None,0,1,1,None,0.645486373
0.04,0.62,0.34,None,0.555486373,None,0,1,1,None,0.555486373
0.04,0.6,0.36,None,0.405574868,None,1,1,1,None,0.405574868
0.04,0.58,0.38,None,0.275389683,None,1,1,1,None,0.275389683
0.04,0.56,0.4,None,0.220389683,None,1,1,1,None,0.220389683
0.04,0.54,0.42,None,0.14550375,None,1,1,1,None,0.14550375
0.04,0.52,0.44,None,0.14050375,None,1,1,1,None,0.14050375
0.04,0.5,0.46,None,0.13550375,None,1,1,1,None,0.13550375
0.04,0.48,0.48,None,0.060088496,None,1,1,1,None,0.060088496
0.04,0.46,0.5,None,0.03,None,1,1,1,None,0.03
0.04,0.44,0.52,None,0.03,None,1,1,1,None,0.03
0.04,0.42,0.54,None,0.025,None,1,1,1,None,0.025
0.04,0.4,0.56,None,0.025,None,1,1,1,None,0.025
0.04,0.38,0.58,None,0.02,None,1,1,1,None,0.02
0.04,0.36,0.6,None,0.02,None,1,1,1,None,0.02
0.04,0.34,0.62,None,0.02,None,1,1,1,None,0.02
0.04,0.32,0.64,None,0.025,None,1,1,1,None,0.025
0.04,0.3,0.66,None,0.025,None,1,1,1,None,0.025
0.04,0.28,0.68,None,0.02,None,1,1,1,None,0.02
0.04,0.26,0.7,None,0.015,None,1,1,1,None,0.015
0.04,0.24,0.72,None,0.02,None,1,1,1,None,0.02
0.04,0.22,0.74,None,0.02,None,1,1,1,None,0.02
0.04,0.2,0.76,None,0.02,None,1,1,1,None,0.02
0.04,0.18,0.78,None,0.035,None,1,1,1,None,0.035
0.04,0.16,0.8,None,0.055,None,1,1,1,None,0.055
0.04,0.14,0.82,None,0.085,None,1,1,1,None,0.085
0.04,0.12,0.84,None,0.075,None,1,1,1,None,0.075
0.04,0.1,0.86,None,0.08,None,1,1,1,None,0.08
0.04,0.08,0.88,None,0.08,None,1,1,1,None,0.08
0.04,0.06,0.9,None,0.09,None,1,1,1,None,0.09
0.04,0.04,0.92,None,0.09,None,1,1,1,None,0.09
0.04,0.02,0.94,None,0.085,None,1,1,1,None,0.085
0.02,0.96,0.02,None,0.075,None,1,1,1,None,0.075
0.02,0.94,0.04,None,0.075,None,1,1,1,None,0.075
0.02,0.92,0.06,None,0.075,None,1,1,1,None,0.075
0.02,0.9,0.08,None,0.075,None,1,1,1,None,0.075
0.02,0.88,0.1,None,0.07,None,1,1,1,None,0.07
0.02,0.86,0.12,None,0.05,None,1,1,1,None,0.05
0.02,0.84,0.14,None,0.03,None,1,1,1,None,0.03
0.02,0.82,0.16,None,0.025,None,1,1,1,None,0.025
0.02,0.8,0.18,None,0.04,None,1,1,1,None,0.04
0.02,0.78,0.2,None,0.075,None,1,1,1,None,0.075
0.02,0.76,0.22,None,0.222019149,None,1,1,1,None,0.222019149
0.02,0.74,0.24,None,0.459154993,None,1,1,1,None,0.459154993
0.02,0.72,0.26,None,0.645,None,0,1,1,None,0.645
0.02,0.7,0.28,None,0.680301187,None,0,1,1,None,0.680301187
0.02,0.68,0.3,None,0.605486373,None,0,1,1,None,0.605486373
0.02,0.66,0.32,None,0.540486373,None,0,1,1,None,0.540486373
0.02,0.64,0.34,None,0.510574868,None,0,1,1,None,0.510574868
0.02,0.62,0.36,None,0.315389683,None,1,1,1,None,0.315389683
0.02,0.6,0.38,None,0.250389683,None,1,1,1,None,0.250389683
0.02,0.58,0.4,None,0.19050375,None,1,1,1,None,0.19050375
0.02,0.56,0.42,None,0.15550375,None,1,1,1,None,0.15550375
0.02,0.54,0.44,None,0.13050375,None,1,1,1,None,0.13050375
0.02,0.52,0.46,None,0.12550375,None,1,1,1,None,0.12550375
0.02,0.5,0.48,None,0.12050375,None,1,1,1,None,0.12050375
0.02,0.48,0.5,None,0.03,None,1,1,1,None,0.03
0.02,0.46,0.52,None,0.03,None,1,1,1,None,0.03
0.02,0.44,0.54,None,0.025,None,1,1,1,None,0.025
0.02,0.42,0.56,None,0.02,None,1,1,1,None,0.02
0.02,0.4,0.58,None,0.025,None,1,1,1,None,0.025
0.02,0.38,0.6,None,0.025,None,1,1,1,None,0.025
0.02,0.36,0.62,None,0.025,None,1,1,1,None,0.025
0.02,0.34,0.64,None,0.025,None,1,1,1,None,0.025
0.02,0.32,0.66,None,0.025,None,1,1,1,None,0.025
0.02,0.3,0.68,None,0.025,None,1,1,1,None,0.025
0.02,0.28,0.7,None,0.02,None,1,1,1,None,0.02
0.02,0.26,0.72,None,0.015,None,1,1,1,None,0.015
0.02,0.24,0.74,None,0.03,None,1,1,1,None,0.03
0.02,0.22,0.76,None,0.03,None,1,1,1,None,0.03
0.02,0.2,0.78,None,0.055,None,1,1,1,None,0.055
0.02,0.18,0.8,None,0.035,None,1,1,1,None,0.035
0.02,0.16,0.82,None,0.055,None,1,1,1,None,0.055
0.02,0.14,0.84,None,0.085,None,1,1,1,None,0.085
0.02,0.12,0.86,None,0.08,None,1,1,1,None,0.08
0.02,0.1,0.88,None,0.08,None,1,1,1,None,0.08
0.02,0.08,0.9,None,0.085,None,1,1,1,None,0.085
0.02,0.06,0.92,None,0.085,None,1,1,1,None,0.085
0.02,0.04,0.94,None,0.085,None,1,1,1,None,0.085
0.02,0.02,0.96,None,0.085,None,1,1,1,None,0.085
